1, 3000, 1, 128, 0, 1, 4, 32, 16.0, 1, 2, 1, 4, 1, 2, 1, 2, 1, 2, 1, 1, 1, 64, 0, 0, 1, 8, 16, 8, 1, 7.2832e+01
1, 3000, 1, 128, 0, 1, 8, 16, 16.0, 1, 2, 1, 4, 1, 2, 1, 2, 1, 2, 1, 1, 1, 64, 0, 0, 1, 8, 16, 8, 1, 3.7903e+01
1, 3000, 1, 232, 0, 1, 4, 32, 16.0, 1, 2, 1, 4, 1, 2, 1, 2, 1, 2, 1, 1, 1, 64, 0, 0, 1, 8, 16, 8, 1, 6.7406e+01
1, 3000, 1, 232, 0, 1, 8, 16, 16.0, 1, 2, 1, 4, 1, 2, 1, 2, 1, 2, 1, 1, 1, 64, 0, 0, 1, 8, 16, 8, 1, 3.3771e+01
1, 3000, 1, 512, 0, 1, 4, 32, 16.0, 1, 2, 1, 4, 1, 2, 1, 2, 1, 2, 1, 1, 1, 64, 0, 0, 1, 8, 16, 8, 1, 3.5257e+01
1, 3000, 1, 512, 0, 1, 8, 16, 16.0, 1, 2, 1, 4, 1, 2, 1, 2, 1, 2, 1, 1, 1, 64, 0, 0, 1, 8, 16, 8, 1, 2.6298e+01
1, 3000, 1, 768, 0, 1, 4, 32, 16.0, 1, 2, 1, 4, 1, 2, 1, 2, 1, 2, 1, 1, 1, 64, 0, 0, 1, 8, 16, 8, 1, 2.0715e+01
1, 3000, 1, 768, 0, 1, 8, 16, 16.0, 1, 2, 1, 4, 1, 2, 1, 2, 1, 2, 1, 1, 1, 64, 0, 0, 1, 8, 16, 8, 1, 1.7971e+01
1, 6000, 1, 128, 0, 1, 4, 32, 16.0, 1, 2, 1, 4, 1, 2, 1, 2, 1, 2, 1, 1, 1, 64, 0, 0, 1, 8, 16, 8, 1, 2.7462e+02
1, 6000, 1, 128, 0, 1, 8, 16, 16.0, 1, 2, 1, 4, 1, 2, 1, 2, 1, 2, 1, 1, 1, 64, 0, 0, 1, 8, 16, 8, 1, 1.7925e+02
1, 6000, 1, 232, 0, 1, 4, 32, 16.0, 1, 2, 1, 4, 1, 2, 1, 2, 1, 2, 1, 1, 1, 64, 0, 0, 1, 8, 16, 8, 1, 2.1519e+02
1, 6000, 1, 232, 0, 1, 8, 16, 16.0, 1, 2, 1, 4, 1, 2, 1, 2, 1, 2, 1, 1, 1, 64, 0, 0, 1, 8, 16, 8, 1, 1.4250e+02
1, 6000, 1, 512, 0, 1, 4, 32, 16.0, 1, 2, 1, 4, 1, 2, 1, 2, 1, 2, 1, 1, 1, 64, 0, 0, 1, 8, 16, 8, 1, 1.0526e+02
1, 6000, 1, 512, 0, 1, 8, 16, 16.0, 1, 2, 1, 4, 1, 2, 1, 2, 1, 2, 1, 1, 1, 64, 0, 0, 1, 8, 16, 8, 1, 9.7099e+01
1, 3000, 1, 232, 0, 1, 1, 1, 16.0, 1, 2, 1, 4, 1, 2, 1, 2, 1, 2, 1, 1, 1, 64, 0, 0, 1, 8, 1, 1, 4, 1.0890e+01
1, 3000, 1, 128, 0, 1, 1, 1, 16.0, 1, 2, 1, 4, 1, 2, 1, 2, 1, 2, 1, 1, 1, 64, 0, 0, 1, 8, 1, 1, 4, 1.0721e+01
1, 3000, 1, 512, 0, 1, 1, 1, 16.0, 1, 2, 1, 4, 1, 2, 1, 2, 1, 2, 1, 1, 1, 64, 0, 0, 1, 8, 1, 1, 4, 1.0553e+01
1, 3000, 1, 768, 0, 1, 1, 1, 16.0, 1, 2, 1, 4, 1, 2, 1, 2, 1, 2, 1, 1, 1, 64, 0, 0, 1, 8, 1, 1, 4, 1.0647e+01
1, 6000, 1, 768, 0, 1, 4, 32, 16.0, 1, 2, 1, 4, 1, 2, 1, 2, 1, 2, 1, 1, 1, 64, 0, 0, 1, 8, 16, 8, 1, 6.6037e+01
1, 6000, 1, 768, 0, 1, 8, 16, 16.0, 1, 2, 1, 4, 1, 2, 1, 2, 1, 2, 1, 1, 1, 64, 0, 0, 1, 8, 16, 8, 1, 6.7490e+01
1, 11000, 1, 128, 0, 1, 4, 32, 16.0, 1, 2, 1, 4, 1, 2, 1, 2, 1, 2, 1, 1, 1, 64, 0, 0, 1, 8, 16, 8, 1, 5.2273e+02
1, 11000, 1, 128, 0, 1, 8, 16, 16.0, 1, 2, 1, 4, 1, 2, 1, 2, 1, 2, 1, 1, 1, 64, 0, 0, 1, 8, 16, 8, 1, 5.1442e+02
1, 11000, 1, 232, 0, 1, 4, 32, 16.0, 1, 2, 1, 4, 1, 2, 1, 2, 1, 2, 1, 1, 1, 64, 0, 0, 1, 8, 16, 8, 1, 4.6586e+02
1, 6000, 1, 512, 0, 1, 1, 1, 16.0, 1, 2, 1, 4, 1, 2, 1, 2, 1, 2, 1, 1, 1, 64, 0, 0, 1, 8, 1, 1, 4, 1.1345e+01
1, 6000, 1, 768, 0, 1, 1, 1, 16.0, 1, 2, 1, 4, 1, 2, 1, 2, 1, 2, 1, 1, 1, 64, 0, 0, 1, 8, 1, 1, 4, 1.1257e+01
1, 6000, 1, 232, 0, 1, 1, 1, 16.0, 1, 2, 1, 4, 1, 2, 1, 2, 1, 2, 1, 1, 1, 64, 0, 0, 1, 8, 1, 1, 4, 1.1120e+01
1, 6000, 1, 128, 0, 1, 1, 1, 16.0, 1, 2, 1, 4, 1, 2, 1, 2, 1, 2, 1, 1, 1, 64, 0, 0, 1, 8, 1, 1, 4, 1.0960e+01
1, 11000, 1, 232, 0, 1, 8, 16, 16.0, 1, 2, 1, 4, 1, 2, 1, 2, 1, 2, 1, 1, 1, 64, 0, 0, 1, 8, 16, 8, 1, 4.8015e+02
1, 11000, 1, 512, 0, 1, 4, 32, 16.0, 1, 2, 1, 4, 1, 2, 1, 2, 1, 2, 1, 1, 1, 64, 0, 0, 1, 8, 16, 8, 1, 2.4525e+02
1, 11000, 1, 512, 0, 1, 8, 16, 16.0, 1, 2, 1, 4, 1, 2, 1, 2, 1, 2, 1, 1, 1, 64, 0, 0, 1, 8, 16, 8, 1, 3.1070e+02
1, 11000, 1, 768, 0, 1, 4, 32, 16.0, 1, 2, 1, 4, 1, 2, 1, 2, 1, 2, 1, 1, 1, 64, 0, 0, 1, 8, 16, 8, 1, 1.5552e+02
1, 11000, 1, 768, 0, 1, 8, 16, 16.0, 1, 2, 1, 4, 1, 2, 1, 2, 1, 2, 1, 1, 1, 64, 0, 0, 1, 8, 16, 8, 1, 1.9553e+02
1, 14616, 1, 128, 0, 1, 4, 32, 16.0, 1, 2, 1, 4, 1, 2, 1, 2, 1, 2, 1, 1, 1, 64, 0, 0, 1, 8, 16, 8, 1, 6.8098e+02
1, 14616, 1, 128, 0, 1, 8, 16, 16.0, 1, 2, 1, 4, 1, 2, 1, 2, 1, 2, 1, 1, 1, 64, 0, 0, 1, 8, 16, 8, 1, 6.1947e+02
1, 14616, 1, 232, 0, 1, 4, 32, 16.0, 1, 2, 1, 4, 1, 2, 1, 2, 1, 2, 1, 1, 1, 64, 0, 0, 1, 8, 16, 8, 1, 6.2973e+02
1, 14616, 1, 232, 0, 1, 8, 16, 16.0, 1, 2, 1, 4, 1, 2, 1, 2, 1, 2, 1, 1, 1, 64, 0, 0, 1, 8, 16, 8, 1, 6.1986e+02
1, 14616, 1, 512, 0, 1, 8, 16, 16.0, 1, 2, 1, 4, 1, 2, 1, 2, 1, 2, 1, 1, 1, 64, 0, 0, 1, 8, 16, 8, 1, 4.6170e+02
1, 14616, 1, 512, 0, 1, 4, 32, 16.0, 1, 2, 1, 4, 1, 2, 1, 2, 1, 2, 1, 1, 1, 64, 0, 0, 1, 8, 16, 8, 1, 3.6160e+02
1, 14616, 1, 768, 0, 1, 8, 16, 16.0, 1, 2, 1, 4, 1, 2, 1, 2, 1, 2, 1, 1, 1, 64, 0, 0, 1, 8, 16, 8, 1, 2.9405e+02
1, 14616, 1, 768, 0, 1, 4, 32, 16.0, 1, 2, 1, 4, 1, 2, 1, 2, 1, 2, 1, 1, 1, 64, 0, 0, 1, 8, 16, 8, 1, 2.2430e+02
1, 3000, 1, 128, 0, 1, 1, 16, 16.0, 1, 2, 1, 4, 1, 2, 1, 2, 1, 2, 1, 1, 1, 64, 0, 0, 1, 8, 16, 1, 4, 5.1774e+01
1, 3000, 1, 128, 0, 1, 4, 4, 16.0, 1, 2, 1, 4, 1, 2, 1, 2, 1, 2, 1, 1, 1, 64, 0, 0, 1, 8, 16, 1, 4, 5.4361e+01
1, 3000, 1, 232, 0, 1, 1, 16, 16.0, 1, 2, 1, 4, 1, 2, 1, 2, 1, 2, 1, 1, 1, 64, 0, 0, 1, 8, 16, 1, 4, 4.2289e+01
1, 3000, 1, 232, 0, 1, 4, 4, 16.0, 1, 2, 1, 4, 1, 2, 1, 2, 1, 2, 1, 1, 1, 64, 0, 0, 1, 8, 16, 1, 4, 4.9584e+01
1, 3000, 1, 512, 0, 1, 1, 16, 16.0, 1, 2, 1, 4, 1, 2, 1, 2, 1, 2, 1, 1, 1, 64, 0, 0, 1, 8, 16, 1, 4, 2.3564e+01
1, 3000, 1, 512, 0, 1, 4, 4, 16.0, 1, 2, 1, 4, 1, 2, 1, 2, 1, 2, 1, 1, 1, 64, 0, 0, 1, 8, 16, 1, 4, 3.5455e+01
1, 3000, 1, 768, 0, 1, 4, 4, 16.0, 1, 2, 1, 4, 1, 2, 1, 2, 1, 2, 1, 1, 1, 64, 0, 0, 1, 8, 16, 1, 4, 2.2787e+01
1, 3000, 1, 768, 0, 1, 1, 16, 16.0, 1, 2, 1, 4, 1, 2, 1, 2, 1, 2, 1, 1, 1, 64, 0, 0, 1, 8, 16, 1, 4, 1.6393e+01
1, 6000, 1, 128, 0, 1, 1, 16, 16.0, 1, 2, 1, 4, 1, 2, 1, 2, 1, 2, 1, 1, 1, 64, 0, 0, 1, 8, 16, 1, 4, 1.0525e+02
1, 6000, 1, 128, 0, 1, 4, 4, 16.0, 1, 2, 1, 4, 1, 2, 1, 2, 1, 2, 1, 1, 1, 64, 0, 0, 1, 8, 16, 1, 4, 1.0564e+02
1, 6000, 1, 232, 0, 1, 1, 16, 16.0, 1, 2, 1, 4, 1, 2, 1, 2, 1, 2, 1, 1, 1, 64, 0, 0, 1, 8, 16, 1, 4, 8.5804e+01
1, 6000, 1, 232, 0, 1, 4, 4, 16.0, 1, 2, 1, 4, 1, 2, 1, 2, 1, 2, 1, 1, 1, 64, 0, 0, 1, 8, 16, 1, 4, 1.0031e+02
1, 6000, 1, 512, 0, 1, 4, 4, 16.0, 1, 2, 1, 4, 1, 2, 1, 2, 1, 2, 1, 1, 1, 64, 0, 0, 1, 8, 16, 1, 4, 7.9985e+01
1, 6000, 1, 512, 0, 1, 1, 16, 16.0, 1, 2, 1, 4, 1, 2, 1, 2, 1, 2, 1, 1, 1, 64, 0, 0, 1, 8, 16, 1, 4, 5.0776e+01
1, 6000, 1, 768, 0, 1, 4, 4, 16.0, 1, 2, 1, 4, 1, 2, 1, 2, 1, 2, 1, 1, 1, 64, 0, 0, 1, 8, 16, 1, 4, 6.5149e+01
1, 11000, 1, 232, 0, 1, 1, 1, 16.0, 1, 2, 1, 4, 1, 2, 1, 2, 1, 2, 1, 1, 1, 64, 0, 0, 1, 8, 1, 1, 4, 1.1304e+01
1, 11000, 1, 512, 0, 1, 1, 1, 16.0, 1, 2, 1, 4, 1, 2, 1, 2, 1, 2, 1, 1, 1, 64, 0, 0, 1, 8, 1, 1, 4, 1.1266e+01
1, 11000, 1, 768, 0, 1, 1, 1, 16.0, 1, 2, 1, 4, 1, 2, 1, 2, 1, 2, 1, 1, 1, 64, 0, 0, 1, 8, 1, 1, 4, 1.1251e+01
1, 11000, 1, 128, 0, 1, 1, 1, 16.0, 1, 2, 1, 4, 1, 2, 1, 2, 1, 2, 1, 1, 1, 64, 0, 0, 1, 8, 1, 1, 4, 1.1097e+01
1, 6000, 1, 768, 0, 1, 1, 16, 16.0, 1, 2, 1, 4, 1, 2, 1, 2, 1, 2, 1, 1, 1, 64, 0, 0, 1, 8, 16, 1, 4, 3.4607e+01
1, 11000, 1, 128, 0, 1, 1, 16, 16.0, 1, 2, 1, 4, 1, 2, 1, 2, 1, 2, 1, 1, 1, 64, 0, 0, 1, 8, 16, 1, 4, 1.2879e+02
1, 3000, 1, 128, 0, 1, 8, 32, 16.0, 1, 2, 1, 4, 1, 2, 1, 2, 1, 2, 1, 1, 1, 64, 0, 0, 1, 8, 32, 8, 1, 3.3091e+01
1, 3000, 1, 232, 0, 1, 8, 32, 16.0, 1, 2, 1, 4, 1, 2, 1, 2, 1, 2, 1, 1, 1, 64, 0, 0, 1, 8, 32, 8, 1, 3.2927e+01
1, 3000, 1, 512, 0, 1, 8, 32, 16.0, 1, 2, 1, 4, 1, 2, 1, 2, 1, 2, 1, 1, 1, 64, 0, 0, 1, 8, 32, 8, 1, 2.5693e+01
1, 3000, 1, 768, 0, 1, 8, 32, 16.0, 1, 2, 1, 4, 1, 2, 1, 2, 1, 2, 1, 1, 1, 64, 0, 0, 1, 8, 32, 8, 1, 1.7384e+01
1, 6000, 1, 128, 0, 1, 8, 32, 16.0, 1, 2, 1, 4, 1, 2, 1, 2, 1, 2, 1, 1, 1, 64, 0, 0, 1, 8, 32, 8, 1, 1.8442e+02
1, 3000, 1, 232, 0, 1, 8, 1, 16.0, 1, 2, 1, 4, 1, 2, 1, 2, 1, 2, 1, 1, 1, 64, 0, 0, 1, 8, 1, 8, 1, 3.2829e+01
1, 3000, 1, 232, 0, 1, 1, 8, 16.0, 1, 2, 1, 4, 1, 2, 1, 2, 1, 2, 1, 1, 1, 64, 0, 0, 1, 8, 1, 8, 1, 4.1292e+01
1, 3000, 1, 128, 0, 1, 1, 8, 16.0, 1, 2, 1, 4, 1, 2, 1, 2, 1, 2, 1, 1, 1, 64, 0, 0, 1, 8, 1, 8, 1, 4.8789e+01
1, 3000, 1, 128, 0, 1, 8, 1, 16.0, 1, 2, 1, 4, 1, 2, 1, 2, 1, 2, 1, 1, 1, 64, 0, 0, 1, 8, 1, 8, 1, 3.8208e+01
1, 6000, 1, 232, 0, 1, 8, 32, 16.0, 1, 2, 1, 4, 1, 2, 1, 2, 1, 2, 1, 1, 1, 64, 0, 0, 1, 8, 32, 8, 1, 1.3979e+02
1, 3000, 1, 512, 0, 1, 1, 8, 16.0, 1, 2, 1, 4, 1, 2, 1, 2, 1, 2, 1, 1, 1, 64, 0, 0, 1, 8, 1, 8, 1, 2.3082e+01
1, 3000, 1, 512, 0, 1, 8, 1, 16.0, 1, 2, 1, 4, 1, 2, 1, 2, 1, 2, 1, 1, 1, 64, 0, 0, 1, 8, 1, 8, 1, 1.9951e+01
1, 3000, 1, 768, 0, 1, 1, 8, 16.0, 1, 2, 1, 4, 1, 2, 1, 2, 1, 2, 1, 1, 1, 64, 0, 0, 1, 8, 1, 8, 1, 1.5735e+01
1, 3000, 1, 768, 0, 1, 8, 1, 16.0, 1, 2, 1, 4, 1, 2, 1, 2, 1, 2, 1, 1, 1, 64, 0, 0, 1, 8, 1, 8, 1, 1.5217e+01
1, 6000, 1, 512, 0, 1, 8, 32, 16.0, 1, 2, 1, 4, 1, 2, 1, 2, 1, 2, 1, 1, 1, 64, 0, 0, 1, 8, 32, 8, 1, 9.4936e+01
1, 6000, 1, 128, 0, 1, 1, 8, 16.0, 1, 2, 1, 4, 1, 2, 1, 2, 1, 2, 1, 1, 1, 64, 0, 0, 1, 8, 1, 8, 1, 5.9792e+01
1, 6000, 1, 128, 0, 1, 8, 1, 16.0, 1, 2, 1, 4, 1, 2, 1, 2, 1, 2, 1, 1, 1, 64, 0, 0, 1, 8, 1, 8, 1, 5.4317e+01
1, 6000, 1, 232, 0, 1, 1, 8, 16.0, 1, 2, 1, 4, 1, 2, 1, 2, 1, 2, 1, 1, 1, 64, 0, 0, 1, 8, 1, 8, 1, 5.8723e+01
1, 6000, 1, 232, 0, 1, 8, 1, 16.0, 1, 2, 1, 4, 1, 2, 1, 2, 1, 2, 1, 1, 1, 64, 0, 0, 1, 8, 1, 8, 1, 4.9212e+01
1, 6000, 1, 768, 0, 1, 8, 32, 16.0, 1, 2, 1, 4, 1, 2, 1, 2, 1, 2, 1, 1, 1, 64, 0, 0, 1, 8, 32, 8, 1, 6.7475e+01
1, 6000, 1, 512, 0, 1, 1, 8, 16.0, 1, 2, 1, 4, 1, 2, 1, 2, 1, 2, 1, 1, 1, 64, 0, 0, 1, 8, 1, 8, 1, 4.4407e+01
1, 6000, 1, 512, 0, 1, 8, 1, 16.0, 1, 2, 1, 4, 1, 2, 1, 2, 1, 2, 1, 1, 1, 64, 0, 0, 1, 8, 1, 8, 1, 3.5847e+01
1, 6000, 1, 768, 0, 1, 1, 8, 16.0, 1, 2, 1, 4, 1, 2, 1, 2, 1, 2, 1, 1, 1, 64, 0, 0, 1, 8, 1, 8, 1, 3.2485e+01
1, 6000, 1, 768, 0, 1, 8, 1, 16.0, 1, 2, 1, 4, 1, 2, 1, 2, 1, 2, 1, 1, 1, 64, 0, 0, 1, 8, 1, 8, 1, 3.0986e+01
1, 11000, 1, 128, 0, 1, 8, 32, 16.0, 1, 2, 1, 4, 1, 2, 1, 2, 1, 2, 1, 1, 1, 64, 0, 0, 1, 8, 32, 8, 1, 6.0660e+02
1, 11000, 1, 232, 0, 1, 8, 32, 16.0, 1, 2, 1, 4, 1, 2, 1, 2, 1, 2, 1, 1, 1, 64, 0, 0, 1, 8, 32, 8, 1, 5.1968e+02
1, 11000, 1, 512, 0, 1, 8, 32, 16.0, 1, 2, 1, 4, 1, 2, 1, 2, 1, 2, 1, 1, 1, 64, 0, 0, 1, 8, 32, 8, 1, 3.1373e+02
1, 11000, 1, 128, 0, 1, 1, 8, 16.0, 1, 2, 1, 4, 1, 2, 1, 2, 1, 2, 1, 1, 1, 64, 0, 0, 1, 8, 1, 8, 1, 6.6231e+01
1, 11000, 1, 128, 0, 1, 8, 1, 16.0, 1, 2, 1, 4, 1, 2, 1, 2, 1, 2, 1, 1, 1, 64, 0, 0, 1, 8, 1, 8, 1, 6.4937e+01
1, 11000, 1, 232, 0, 1, 1, 8, 16.0, 1, 2, 1, 4, 1, 2, 1, 2, 1, 2, 1, 1, 1, 64, 0, 0, 1, 8, 1, 8, 1, 6.5225e+01
1, 11000, 1, 232, 0, 1, 8, 1, 16.0, 1, 2, 1, 4, 1, 2, 1, 2, 1, 2, 1, 1, 1, 64, 0, 0, 1, 8, 1, 8, 1, 6.1417e+01
1, 11000, 1, 768, 0, 1, 8, 32, 16.0, 1, 2, 1, 4, 1, 2, 1, 2, 1, 2, 1, 1, 1, 64, 0, 0, 1, 8, 32, 8, 1, 1.9639e+02
1, 14616, 1, 128, 0, 1, 8, 32, 16.0, 1, 2, 1, 4, 1, 2, 1, 2, 1, 2, 1, 1, 1, 64, 0, 0, 1, 8, 32, 8, 1, 9.2214e+02
1, 11000, 1, 512, 0, 1, 1, 8, 16.0, 1, 2, 1, 4, 1, 2, 1, 2, 1, 2, 1, 1, 1, 64, 0, 0, 1, 8, 1, 8, 1, 6.0219e+01
1, 14616, 1, 232, 0, 1, 8, 32, 16.0, 1, 2, 1, 4, 1, 2, 1, 2, 1, 2, 1, 1, 1, 64, 0, 0, 1, 8, 32, 8, 1, 8.3758e+02
1, 11000, 1, 768, 0, 1, 1, 8, 16.0, 1, 2, 1, 4, 1, 2, 1, 2, 1, 2, 1, 1, 1, 64, 0, 0, 1, 8, 1, 8, 1, 5.2992e+01
1, 11000, 1, 512, 0, 1, 8, 1, 16.0, 1, 2, 1, 4, 1, 2, 1, 2, 1, 2, 1, 1, 1, 64, 0, 0, 1, 8, 1, 8, 1, 4.8930e+01
1, 11000, 1, 768, 0, 1, 8, 1, 16.0, 1, 2, 1, 4, 1, 2, 1, 2, 1, 2, 1, 1, 1, 64, 0, 0, 1, 8, 1, 8, 1, 4.1843e+01
1, 14616, 1, 512, 0, 1, 8, 32, 16.0, 1, 2, 1, 4, 1, 2, 1, 2, 1, 2, 1, 1, 1, 64, 0, 0, 1, 8, 32, 8, 1, 4.8975e+02
1, 14616, 1, 128, 0, 1, 1, 8, 16.0, 1, 2, 1, 4, 1, 2, 1, 2, 1, 2, 1, 1, 1, 64, 0, 0, 1, 8, 1, 8, 1, 6.9623e+01
1, 14616, 1, 768, 0, 1, 8, 32, 16.0, 1, 2, 1, 4, 1, 2, 1, 2, 1, 2, 1, 1, 1, 64, 0, 0, 1, 8, 32, 8, 1, 2.9031e+02
1, 3000, 1, 128, 0, 1, 1, 32, 16.0, 1, 2, 1, 4, 1, 2, 1, 2, 1, 2, 1, 1, 1, 64, 0, 0, 1, 8, 32, 1, 4, 4.4690e+01
1, 3000, 1, 128, 0, 1, 4, 8, 16.0, 1, 2, 1, 4, 1, 2, 1, 2, 1, 2, 1, 1, 1, 64, 0, 0, 1, 8, 32, 1, 4, 7.0491e+01
1, 3000, 1, 128, 0, 1, 8, 4, 16.0, 1, 2, 1, 4, 1, 2, 1, 2, 1, 2, 1, 1, 1, 64, 0, 0, 1, 8, 32, 1, 4, 3.4359e+01
1, 3000, 1, 232, 0, 1, 1, 32, 16.0, 1, 2, 1, 4, 1, 2, 1, 2, 1, 2, 1, 1, 1, 64, 0, 0, 1, 8, 32, 1, 4, 3.9732e+01
1, 14616, 1, 128, 0, 1, 8, 1, 16.0, 1, 2, 1, 4, 1, 2, 1, 2, 1, 2, 1, 1, 1, 64, 0, 0, 1, 8, 1, 8, 1, 6.8445e+01
1, 3000, 1, 232, 0, 1, 4, 8, 16.0, 1, 2, 1, 4, 1, 2, 1, 2, 1, 2, 1, 1, 1, 64, 0, 0, 1, 8, 32, 1, 4, 5.6740e+01
1, 14616, 1, 232, 0, 1, 1, 1, 16.0, 1, 2, 1, 4, 1, 2, 1, 2, 1, 2, 1, 1, 1, 64, 0, 0, 1, 8, 1, 1, 4, 1.1495e+01
1, 3000, 1, 232, 0, 1, 8, 4, 16.0, 1, 2, 1, 4, 1, 2, 1, 2, 1, 2, 1, 1, 1, 64, 0, 0, 1, 8, 32, 1, 4, 3.1077e+01
1, 14616, 1, 128, 0, 1, 1, 1, 16.0, 1, 2, 1, 4, 1, 2, 1, 2, 1, 2, 1, 1, 1, 64, 0, 0, 1, 8, 1, 1, 4, 1.1374e+01
1, 14616, 1, 232, 0, 1, 1, 8, 16.0, 1, 2, 1, 4, 1, 2, 1, 2, 1, 2, 1, 1, 1, 64, 0, 0, 1, 8, 1, 8, 1, 6.7658e+01
1, 3000, 1, 512, 0, 1, 1, 32, 16.0, 1, 2, 1, 4, 1, 2, 1, 2, 1, 2, 1, 1, 1, 64, 0, 0, 1, 8, 32, 1, 4, 2.3240e+01
1, 14616, 1, 768, 0, 1, 1, 1, 16.0, 1, 2, 1, 4, 1, 2, 1, 2, 1, 2, 1, 1, 1, 64, 0, 0, 1, 8, 1, 1, 4, 1.1314e+01
1, 14616, 1, 232, 0, 1, 8, 1, 16.0, 1, 2, 1, 4, 1, 2, 1, 2, 1, 2, 1, 1, 1, 64, 0, 0, 1, 8, 1, 8, 1, 6.5470e+01
1, 3000, 1, 512, 0, 1, 4, 8, 16.0, 1, 2, 1, 4, 1, 2, 1, 2, 1, 2, 1, 1, 1, 64, 0, 0, 1, 8, 32, 1, 4, 3.4604e+01
1, 14616, 1, 512, 0, 1, 1, 8, 16.0, 1, 2, 1, 4, 1, 2, 1, 2, 1, 2, 1, 1, 1, 64, 0, 0, 1, 8, 1, 8, 1, 6.3060e+01
1, 3000, 1, 512, 0, 1, 8, 4, 16.0, 1, 2, 1, 4, 1, 2, 1, 2, 1, 2, 1, 1, 1, 64, 0, 0, 1, 8, 32, 1, 4, 2.6244e+01
1, 3000, 1, 768, 0, 1, 1, 32, 16.0, 1, 2, 1, 4, 1, 2, 1, 2, 1, 2, 1, 1, 1, 64, 0, 0, 1, 8, 32, 1, 4, 1.6145e+01
1, 3000, 1, 768, 0, 1, 4, 8, 16.0, 1, 2, 1, 4, 1, 2, 1, 2, 1, 2, 1, 1, 1, 64, 0, 0, 1, 8, 32, 1, 4, 2.2279e+01
1, 3000, 1, 768, 0, 1, 8, 4, 16.0, 1, 2, 1, 4, 1, 2, 1, 2, 1, 2, 1, 1, 1, 64, 0, 0, 1, 8, 32, 1, 4, 1.8197e+01
1, 6000, 1, 128, 0, 1, 1, 32, 16.0, 1, 2, 1, 4, 1, 2, 1, 2, 1, 2, 1, 1, 1, 64, 0, 0, 1, 8, 32, 1, 4, 1.2243e+02
1, 14616, 1, 512, 0, 1, 8, 1, 16.0, 1, 2, 1, 4, 1, 2, 1, 2, 1, 2, 1, 1, 1, 64, 0, 0, 1, 8, 1, 8, 1, 5.5183e+01
1, 6000, 1, 128, 0, 1, 4, 8, 16.0, 1, 2, 1, 4, 1, 2, 1, 2, 1, 2, 1, 1, 1, 64, 0, 0, 1, 8, 32, 1, 4, 1.6638e+02
1, 6000, 1, 128, 0, 1, 8, 4, 16.0, 1, 2, 1, 4, 1, 2, 1, 2, 1, 2, 1, 1, 1, 64, 0, 0, 1, 8, 32, 1, 4, 1.2655e+02
1, 6000, 1, 232, 0, 1, 1, 32, 16.0, 1, 2, 1, 4, 1, 2, 1, 2, 1, 2, 1, 1, 1, 64, 0, 0, 1, 8, 32, 1, 4, 9.8534e+01
1, 14616, 1, 512, 0, 1, 1, 1, 16.0, 1, 2, 1, 4, 1, 2, 1, 2, 1, 2, 1, 1, 1, 64, 0, 0, 1, 8, 1, 1, 4, 9.8206e+00
1, 6000, 1, 232, 0, 1, 4, 8, 16.0, 1, 2, 1, 4, 1, 2, 1, 2, 1, 2, 1, 1, 1, 64, 0, 0, 1, 8, 32, 1, 4, 1.7188e+02
1, 3000, 1, 128, 0, 1, 1, 32, 16.0, 1, 2, 1, 4, 1, 2, 1, 2, 1, 2, 1, 1, 1, 64, 0, 0, 1, 8, 4, 8, 1, 6.1133e+01
1, 6000, 1, 232, 0, 1, 8, 4, 16.0, 1, 2, 1, 4, 1, 2, 1, 2, 1, 2, 1, 1, 1, 64, 0, 0, 1, 8, 32, 1, 4, 1.1072e+02
1, 14616, 1, 768, 0, 1, 1, 8, 16.0, 1, 2, 1, 4, 1, 2, 1, 2, 1, 2, 1, 1, 1, 64, 0, 0, 1, 8, 1, 8, 1, 5.3910e+01
1, 6000, 1, 512, 0, 1, 1, 32, 16.0, 1, 2, 1, 4, 1, 2, 1, 2, 1, 2, 1, 1, 1, 64, 0, 0, 1, 8, 32, 1, 4, 5.0106e+01
1, 6000, 1, 512, 0, 1, 4, 8, 16.0, 1, 2, 1, 4, 1, 2, 1, 2, 1, 2, 1, 1, 1, 64, 0, 0, 1, 8, 32, 1, 4, 1.0676e+02
1, 14616, 1, 768, 0, 1, 8, 1, 16.0, 1, 2, 1, 4, 1, 2, 1, 2, 1, 2, 1, 1, 1, 64, 0, 0, 1, 8, 1, 8, 1, 4.9346e+01
1, 6000, 1, 512, 0, 1, 8, 4, 16.0, 1, 2, 1, 4, 1, 2, 1, 2, 1, 2, 1, 1, 1, 64, 0, 0, 1, 8, 32, 1, 4, 8.6437e+01
1, 6000, 1, 768, 0, 1, 1, 32, 16.0, 1, 2, 1, 4, 1, 2, 1, 2, 1, 2, 1, 1, 1, 64, 0, 0, 1, 8, 32, 1, 4, 3.4015e+01
1, 6000, 1, 768, 0, 1, 4, 8, 16.0, 1, 2, 1, 4, 1, 2, 1, 2, 1, 2, 1, 1, 1, 64, 0, 0, 1, 8, 32, 1, 4, 6.9315e+01
1, 6000, 1, 768, 0, 1, 8, 4, 16.0, 1, 2, 1, 4, 1, 2, 1, 2, 1, 2, 1, 1, 1, 64, 0, 0, 1, 8, 32, 1, 4, 6.8255e+01
1, 3000, 1, 128, 0, 1, 8, 4, 16.0, 1, 2, 1, 4, 1, 2, 1, 2, 1, 2, 1, 1, 1, 64, 0, 0, 1, 8, 4, 8, 1, 2.9792e+01
1, 3000, 1, 128, 0, 1, 4, 8, 16.0, 1, 2, 1, 4, 1, 2, 1, 2, 1, 2, 1, 1, 1, 64, 0, 0, 1, 8, 4, 8, 1, 6.6691e+01
1, 11000, 1, 128, 0, 1, 1, 32, 16.0, 1, 2, 1, 4, 1, 2, 1, 2, 1, 2, 1, 1, 1, 64, 0, 0, 1, 8, 32, 1, 4, 2.0956e+02
1, 11000, 1, 128, 0, 1, 4, 8, 16.0, 1, 2, 1, 4, 1, 2, 1, 2, 1, 2, 1, 1, 1, 64, 0, 0, 1, 8, 32, 1, 4, 2.4195e+02
1, 11000, 1, 128, 0, 1, 8, 4, 16.0, 1, 2, 1, 4, 1, 2, 1, 2, 1, 2, 1, 1, 1, 64, 0, 0, 1, 8, 32, 1, 4, 2.1967e+02
1, 11000, 1, 232, 0, 1, 1, 32, 16.0, 1, 2, 1, 4, 1, 2, 1, 2, 1, 2, 1, 1, 1, 64, 0, 0, 1, 8, 32, 1, 4, 1.6485e+02
1, 3000, 1, 232, 0, 1, 4, 8, 16.0, 1, 2, 1, 4, 1, 2, 1, 2, 1, 2, 1, 1, 1, 64, 0, 0, 1, 8, 4, 8, 1, 5.9442e+01
1, 3000, 1, 232, 0, 1, 1, 32, 16.0, 1, 2, 1, 4, 1, 2, 1, 2, 1, 2, 1, 1, 1, 64, 0, 0, 1, 8, 4, 8, 1, 4.6191e+01
1, 11000, 1, 232, 0, 1, 4, 8, 16.0, 1, 2, 1, 4, 1, 2, 1, 2, 1, 2, 1, 1, 1, 64, 0, 0, 1, 8, 32, 1, 4, 2.2725e+02
1, 11000, 1, 232, 0, 1, 8, 4, 16.0, 1, 2, 1, 4, 1, 2, 1, 2, 1, 2, 1, 1, 1, 64, 0, 0, 1, 8, 32, 1, 4, 1.9842e+02
1, 11000, 1, 512, 0, 1, 1, 32, 16.0, 1, 2, 1, 4, 1, 2, 1, 2, 1, 2, 1, 1, 1, 64, 0, 0, 1, 8, 32, 1, 4, 8.9739e+01
1, 11000, 1, 512, 0, 1, 4, 8, 16.0, 1, 2, 1, 4, 1, 2, 1, 2, 1, 2, 1, 1, 1, 64, 0, 0, 1, 8, 32, 1, 4, 1.9185e+02
1, 3000, 1, 232, 0, 1, 8, 4, 16.0, 1, 2, 1, 4, 1, 2, 1, 2, 1, 2, 1, 1, 1, 64, 0, 0, 1, 8, 4, 8, 1, 3.0966e+01
1, 3000, 1, 512, 0, 1, 1, 32, 16.0, 1, 2, 1, 4, 1, 2, 1, 2, 1, 2, 1, 1, 1, 64, 0, 0, 1, 8, 4, 8, 1, 2.2353e+01
1, 11000, 1, 512, 0, 1, 8, 4, 16.0, 1, 2, 1, 4, 1, 2, 1, 2, 1, 2, 1, 1, 1, 64, 0, 0, 1, 8, 32, 1, 4, 1.5981e+02
1, 11000, 1, 768, 0, 1, 1, 32, 16.0, 1, 2, 1, 4, 1, 2, 1, 2, 1, 2, 1, 1, 1, 64, 0, 0, 1, 8, 32, 1, 4, 6.1211e+01
1, 3000, 1, 512, 0, 1, 4, 8, 16.0, 1, 2, 1, 4, 1, 2, 1, 2, 1, 2, 1, 1, 1, 64, 0, 0, 1, 8, 4, 8, 1, 3.4574e+01
1, 3000, 1, 512, 0, 1, 8, 4, 16.0, 1, 2, 1, 4, 1, 2, 1, 2, 1, 2, 1, 1, 1, 64, 0, 0, 1, 8, 4, 8, 1, 2.6666e+01
1, 11000, 1, 768, 0, 1, 4, 8, 16.0, 1, 2, 1, 4, 1, 2, 1, 2, 1, 2, 1, 1, 1, 64, 0, 0, 1, 8, 32, 1, 4, 1.4993e+02
1, 11000, 1, 768, 0, 1, 8, 4, 16.0, 1, 2, 1, 4, 1, 2, 1, 2, 1, 2, 1, 1, 1, 64, 0, 0, 1, 8, 32, 1, 4, 1.2615e+02
1, 14616, 1, 128, 0, 1, 1, 32, 16.0, 1, 2, 1, 4, 1, 2, 1, 2, 1, 2, 1, 1, 1, 64, 0, 0, 1, 8, 32, 1, 4, 2.3755e+02
1, 3000, 1, 768, 0, 1, 4, 8, 16.0, 1, 2, 1, 4, 1, 2, 1, 2, 1, 2, 1, 1, 1, 64, 0, 0, 1, 8, 4, 8, 1, 2.1696e+01
1, 3000, 1, 768, 0, 1, 1, 32, 16.0, 1, 2, 1, 4, 1, 2, 1, 2, 1, 2, 1, 1, 1, 64, 0, 0, 1, 8, 4, 8, 1, 1.6150e+01
1, 14616, 1, 128, 0, 1, 4, 8, 16.0, 1, 2, 1, 4, 1, 2, 1, 2, 1, 2, 1, 1, 1, 64, 0, 0, 1, 8, 32, 1, 4, 2.6703e+02
1, 14616, 1, 128, 0, 1, 8, 4, 16.0, 1, 2, 1, 4, 1, 2, 1, 2, 1, 2, 1, 1, 1, 64, 0, 0, 1, 8, 32, 1, 4, 2.5238e+02
1, 14616, 1, 232, 0, 1, 1, 32, 16.0, 1, 2, 1, 4, 1, 2, 1, 2, 1, 2, 1, 1, 1, 64, 0, 0, 1, 8, 32, 1, 4, 2.1307e+02
1, 3000, 1, 768, 0, 1, 8, 4, 16.0, 1, 2, 1, 4, 1, 2, 1, 2, 1, 2, 1, 1, 1, 64, 0, 0, 1, 8, 4, 8, 1, 1.7941e+01
1, 6000, 1, 128, 0, 1, 1, 32, 16.0, 1, 2, 1, 4, 1, 2, 1, 2, 1, 2, 1, 1, 1, 64, 0, 0, 1, 8, 4, 8, 1, 1.2750e+02
1, 14616, 1, 232, 0, 1, 4, 8, 16.0, 1, 2, 1, 4, 1, 2, 1, 2, 1, 2, 1, 1, 1, 64, 0, 0, 1, 8, 32, 1, 4, 2.4707e+02
1, 14616, 1, 232, 0, 1, 8, 4, 16.0, 1, 2, 1, 4, 1, 2, 1, 2, 1, 2, 1, 1, 1, 64, 0, 0, 1, 8, 32, 1, 4, 2.3567e+02
1, 6000, 1, 128, 0, 1, 4, 8, 16.0, 1, 2, 1, 4, 1, 2, 1, 2, 1, 2, 1, 1, 1, 64, 0, 0, 1, 8, 4, 8, 1, 1.4764e+02
1, 6000, 1, 128, 0, 1, 8, 4, 16.0, 1, 2, 1, 4, 1, 2, 1, 2, 1, 2, 1, 1, 1, 64, 0, 0, 1, 8, 4, 8, 1, 1.0700e+02
1, 14616, 1, 512, 0, 1, 1, 32, 16.0, 1, 2, 1, 4, 1, 2, 1, 2, 1, 2, 1, 1, 1, 64, 0, 0, 1, 8, 32, 1, 4, 1.1844e+02
1, 14616, 1, 512, 0, 1, 4, 8, 16.0, 1, 2, 1, 4, 1, 2, 1, 2, 1, 2, 1, 1, 1, 64, 0, 0, 1, 8, 32, 1, 4, 2.1290e+02
1, 6000, 1, 232, 0, 1, 4, 8, 16.0, 1, 2, 1, 4, 1, 2, 1, 2, 1, 2, 1, 1, 1, 64, 0, 0, 1, 8, 4, 8, 1, 1.4481e+02
1, 6000, 1, 232, 0, 1, 1, 32, 16.0, 1, 2, 1, 4, 1, 2, 1, 2, 1, 2, 1, 1, 1, 64, 0, 0, 1, 8, 4, 8, 1, 9.7037e+01
1, 14616, 1, 512, 0, 1, 8, 4, 16.0, 1, 2, 1, 4, 1, 2, 1, 2, 1, 2, 1, 1, 1, 64, 0, 0, 1, 8, 32, 1, 4, 1.8085e+02
1, 6000, 1, 232, 0, 1, 8, 4, 16.0, 1, 2, 1, 4, 1, 2, 1, 2, 1, 2, 1, 1, 1, 64, 0, 0, 1, 8, 4, 8, 1, 1.0635e+02
1, 6000, 1, 512, 0, 1, 1, 32, 16.0, 1, 2, 1, 4, 1, 2, 1, 2, 1, 2, 1, 1, 1, 64, 0, 0, 1, 8, 4, 8, 1, 4.7450e+01
1, 14616, 1, 768, 0, 1, 1, 32, 16.0, 1, 2, 1, 4, 1, 2, 1, 2, 1, 2, 1, 1, 1, 64, 0, 0, 1, 8, 32, 1, 4, 8.1366e+01
1, 14616, 1, 768, 0, 1, 4, 8, 16.0, 1, 2, 1, 4, 1, 2, 1, 2, 1, 2, 1, 1, 1, 64, 0, 0, 1, 8, 32, 1, 4, 1.7124e+02
1, 6000, 1, 512, 0, 1, 4, 8, 16.0, 1, 2, 1, 4, 1, 2, 1, 2, 1, 2, 1, 1, 1, 64, 0, 0, 1, 8, 4, 8, 1, 1.0141e+02
1, 6000, 1, 512, 0, 1, 8, 4, 16.0, 1, 2, 1, 4, 1, 2, 1, 2, 1, 2, 1, 1, 1, 64, 0, 0, 1, 8, 4, 8, 1, 8.1957e+01
1, 14616, 1, 768, 0, 1, 8, 4, 16.0, 1, 2, 1, 4, 1, 2, 1, 2, 1, 2, 1, 1, 1, 64, 0, 0, 1, 8, 32, 1, 4, 1.5374e+02
1, 11000, 1, 232, 0, 1, 1, 16, 16.0, 1, 2, 1, 4, 1, 2, 1, 2, 1, 2, 1, 1, 1, 64, 0, 0, 1, 8, 16, 1, 4, 1.2731e+02
1, 11000, 1, 128, 0, 1, 4, 4, 16.0, 1, 2, 1, 4, 1, 2, 1, 2, 1, 2, 1, 1, 1, 64, 0, 0, 1, 8, 16, 1, 4, 1.3497e+02
1, 11000, 1, 232, 0, 1, 4, 4, 16.0, 1, 2, 1, 4, 1, 2, 1, 2, 1, 2, 1, 1, 1, 64, 0, 0, 1, 8, 16, 1, 4, 1.2672e+02
1, 11000, 1, 512, 0, 1, 1, 16, 16.0, 1, 2, 1, 4, 1, 2, 1, 2, 1, 2, 1, 1, 1, 64, 0, 0, 1, 8, 16, 1, 4, 8.2471e+01
1, 6000, 1, 768, 0, 1, 4, 8, 16.0, 1, 2, 1, 4, 1, 2, 1, 2, 1, 2, 1, 1, 1, 64, 0, 0, 1, 8, 4, 8, 1, 6.4159e+01
1, 11000, 1, 512, 0, 1, 4, 4, 16.0, 1, 2, 1, 4, 1, 2, 1, 2, 1, 2, 1, 1, 1, 64, 0, 0, 1, 8, 16, 1, 4, 1.1091e+02
1, 6000, 1, 768, 0, 1, 1, 32, 16.0, 1, 2, 1, 4, 1, 2, 1, 2, 1, 2, 1, 1, 1, 64, 0, 0, 1, 8, 4, 8, 1, 3.3905e+01
1, 11000, 1, 768, 0, 1, 1, 16, 16.0, 1, 2, 1, 4, 1, 2, 1, 2, 1, 2, 1, 1, 1, 64, 0, 0, 1, 8, 16, 1, 4, 6.1772e+01
1, 11000, 1, 768, 0, 1, 4, 4, 16.0, 1, 2, 1, 4, 1, 2, 1, 2, 1, 2, 1, 1, 1, 64, 0, 0, 1, 8, 16, 1, 4, 9.2713e+01
1, 6000, 1, 768, 0, 1, 8, 4, 16.0, 1, 2, 1, 4, 1, 2, 1, 2, 1, 2, 1, 1, 1, 64, 0, 0, 1, 8, 4, 8, 1, 6.5094e+01
1, 14616, 1, 128, 0, 1, 4, 4, 16.0, 1, 2, 1, 4, 1, 2, 1, 2, 1, 2, 1, 1, 1, 64, 0, 0, 1, 8, 16, 1, 4, 1.4701e+02
1, 14616, 1, 128, 0, 1, 1, 16, 16.0, 1, 2, 1, 4, 1, 2, 1, 2, 1, 2, 1, 1, 1, 64, 0, 0, 1, 8, 16, 1, 4, 1.3854e+02
1, 11000, 1, 128, 0, 1, 1, 32, 16.0, 1, 2, 1, 4, 1, 2, 1, 2, 1, 2, 1, 1, 1, 64, 0, 0, 1, 8, 4, 8, 1, 1.8851e+02
1, 14616, 1, 232, 0, 1, 1, 16, 16.0, 1, 2, 1, 4, 1, 2, 1, 2, 1, 2, 1, 1, 1, 64, 0, 0, 1, 8, 16, 1, 4, 1.3778e+02
1, 14616, 1, 232, 0, 1, 4, 4, 16.0, 1, 2, 1, 4, 1, 2, 1, 2, 1, 2, 1, 1, 1, 64, 0, 0, 1, 8, 16, 1, 4, 1.3745e+02
1, 11000, 1, 128, 0, 1, 4, 8, 16.0, 1, 2, 1, 4, 1, 2, 1, 2, 1, 2, 1, 1, 1, 64, 0, 0, 1, 8, 4, 8, 1, 1.9739e+02
1, 11000, 1, 128, 0, 1, 8, 4, 16.0, 1, 2, 1, 4, 1, 2, 1, 2, 1, 2, 1, 1, 1, 64, 0, 0, 1, 8, 4, 8, 1, 1.8775e+02
1, 14616, 1, 512, 0, 1, 4, 4, 16.0, 1, 2, 1, 4, 1, 2, 1, 2, 1, 2, 1, 1, 1, 64, 0, 0, 1, 8, 16, 1, 4, 1.1661e+02
1, 14616, 1, 512, 0, 1, 1, 16, 16.0, 1, 2, 1, 4, 1, 2, 1, 2, 1, 2, 1, 1, 1, 64, 0, 0, 1, 8, 16, 1, 4, 1.0344e+02
1, 11000, 1, 232, 0, 1, 4, 8, 16.0, 1, 2, 1, 4, 1, 2, 1, 2, 1, 2, 1, 1, 1, 64, 0, 0, 1, 8, 4, 8, 1, 2.0481e+02
1, 11000, 1, 232, 0, 1, 1, 32, 16.0, 1, 2, 1, 4, 1, 2, 1, 2, 1, 2, 1, 1, 1, 64, 0, 0, 1, 8, 4, 8, 1, 1.5808e+02
1, 11000, 1, 232, 0, 1, 8, 4, 16.0, 1, 2, 1, 4, 1, 2, 1, 2, 1, 2, 1, 1, 1, 64, 0, 0, 1, 8, 4, 8, 1, 1.8042e+02
1, 11000, 1, 512, 0, 1, 1, 32, 16.0, 1, 2, 1, 4, 1, 2, 1, 2, 1, 2, 1, 1, 1, 64, 0, 0, 1, 8, 4, 8, 1, 9.1380e+01
1, 11000, 1, 512, 0, 1, 4, 8, 16.0, 1, 2, 1, 4, 1, 2, 1, 2, 1, 2, 1, 1, 1, 64, 0, 0, 1, 8, 4, 8, 1, 1.7556e+02
1, 14616, 1, 768, 0, 1, 4, 4, 16.0, 1, 2, 1, 4, 1, 2, 1, 2, 1, 2, 1, 1, 1, 64, 0, 0, 1, 8, 16, 1, 4, 1.0344e+02
1, 14616, 1, 768, 0, 1, 1, 16, 16.0, 1, 2, 1, 4, 1, 2, 1, 2, 1, 2, 1, 1, 1, 64, 0, 0, 1, 8, 16, 1, 4, 7.9557e+01
1, 11000, 1, 512, 0, 1, 8, 4, 16.0, 1, 2, 1, 4, 1, 2, 1, 2, 1, 2, 1, 1, 1, 64, 0, 0, 1, 8, 4, 8, 1, 1.4777e+02
1, 11000, 1, 768, 0, 1, 4, 8, 16.0, 1, 2, 1, 4, 1, 2, 1, 2, 1, 2, 1, 1, 1, 64, 0, 0, 1, 8, 4, 8, 1, 1.4041e+02
1, 11000, 1, 768, 0, 1, 8, 4, 16.0, 1, 2, 1, 4, 1, 2, 1, 2, 1, 2, 1, 1, 1, 64, 0, 0, 1, 8, 4, 8, 1, 1.1896e+02
1, 14616, 1, 128, 0, 1, 4, 8, 16.0, 1, 2, 1, 4, 1, 2, 1, 2, 1, 2, 1, 1, 1, 64, 0, 0, 1, 8, 4, 8, 1, 2.4326e+02
1, 14616, 1, 128, 0, 1, 1, 32, 16.0, 1, 2, 1, 4, 1, 2, 1, 2, 1, 2, 1, 1, 1, 64, 0, 0, 1, 8, 4, 8, 1, 2.1735e+02
1, 11000, 1, 768, 0, 1, 1, 32, 16.0, 1, 2, 1, 4, 1, 2, 1, 2, 1, 2, 1, 1, 1, 64, 0, 0, 1, 8, 4, 8, 1, 6.0336e+01
1, 14616, 1, 128, 0, 1, 8, 4, 16.0, 1, 2, 1, 4, 1, 2, 1, 2, 1, 2, 1, 1, 1, 64, 0, 0, 1, 8, 4, 8, 1, 2.2700e+02
1, 14616, 1, 232, 0, 1, 8, 4, 16.0, 1, 2, 1, 4, 1, 2, 1, 2, 1, 2, 1, 1, 1, 64, 0, 0, 1, 8, 4, 8, 1, 2.1320e+02
1, 14616, 1, 232, 0, 1, 1, 32, 16.0, 1, 2, 1, 4, 1, 2, 1, 2, 1, 2, 1, 1, 1, 64, 0, 0, 1, 8, 4, 8, 1, 1.9001e+02
1, 14616, 1, 232, 0, 1, 4, 8, 16.0, 1, 2, 1, 4, 1, 2, 1, 2, 1, 2, 1, 1, 1, 64, 0, 0, 1, 8, 4, 8, 1, 2.2861e+02
1, 14616, 1, 512, 0, 1, 4, 8, 16.0, 1, 2, 1, 4, 1, 2, 1, 2, 1, 2, 1, 1, 1, 64, 0, 0, 1, 8, 4, 8, 1, 2.0066e+02
1, 3000, 1, 128, 0, 1, 4, 16, 16.0, 1, 2, 1, 4, 1, 2, 1, 2, 1, 2, 1, 1, 1, 64, 0, 0, 1, 8, 8, 8, 1, 7.5306e+01
1, 3000, 1, 128, 0, 1, 8, 8, 16.0, 1, 2, 1, 4, 1, 2, 1, 2, 1, 2, 1, 1, 1, 64, 0, 0, 1, 8, 8, 8, 1, 3.5286e+01
1, 14616, 1, 512, 0, 1, 8, 4, 16.0, 1, 2, 1, 4, 1, 2, 1, 2, 1, 2, 1, 1, 1, 64, 0, 0, 1, 8, 4, 8, 1, 1.7296e+02
1, 3000, 1, 232, 0, 1, 4, 16, 16.0, 1, 2, 1, 4, 1, 2, 1, 2, 1, 2, 1, 1, 1, 64, 0, 0, 1, 8, 8, 8, 1, 6.5501e+01
1, 14616, 1, 512, 0, 1, 1, 32, 16.0, 1, 2, 1, 4, 1, 2, 1, 2, 1, 2, 1, 1, 1, 64, 0, 0, 1, 8, 4, 8, 1, 1.2116e+02
1, 3000, 1, 232, 0, 1, 8, 8, 16.0, 1, 2, 1, 4, 1, 2, 1, 2, 1, 2, 1, 1, 1, 64, 0, 0, 1, 8, 8, 8, 1, 3.4822e+01
1, 3000, 1, 512, 0, 1, 4, 16, 16.0, 1, 2, 1, 4, 1, 2, 1, 2, 1, 2, 1, 1, 1, 64, 0, 0, 1, 8, 8, 8, 1, 3.3408e+01
1, 3000, 1, 512, 0, 1, 8, 8, 16.0, 1, 2, 1, 4, 1, 2, 1, 2, 1, 2, 1, 1, 1, 64, 0, 0, 1, 8, 8, 8, 1, 2.6442e+01
1, 14616, 1, 768, 0, 1, 4, 8, 16.0, 1, 2, 1, 4, 1, 2, 1, 2, 1, 2, 1, 1, 1, 64, 0, 0, 1, 8, 4, 8, 1, 1.5150e+02
1, 3000, 1, 768, 0, 1, 4, 16, 16.0, 1, 2, 1, 4, 1, 2, 1, 2, 1, 2, 1, 1, 1, 64, 0, 0, 1, 8, 8, 8, 1, 2.1426e+01
1, 3000, 1, 768, 0, 1, 8, 8, 16.0, 1, 2, 1, 4, 1, 2, 1, 2, 1, 2, 1, 1, 1, 64, 0, 0, 1, 8, 8, 8, 1, 1.8579e+01
1, 6000, 1, 128, 0, 1, 8, 8, 16.0, 1, 2, 1, 4, 1, 2, 1, 2, 1, 2, 1, 1, 1, 64, 0, 0, 1, 8, 8, 8, 1, 1.6062e+02
1, 6000, 1, 128, 0, 1, 4, 16, 16.0, 1, 2, 1, 4, 1, 2, 1, 2, 1, 2, 1, 1, 1, 64, 0, 0, 1, 8, 8, 8, 1, 2.1975e+02
1, 14616, 1, 768, 0, 1, 8, 4, 16.0, 1, 2, 1, 4, 1, 2, 1, 2, 1, 2, 1, 1, 1, 64, 0, 0, 1, 8, 4, 8, 1, 1.4681e+02
1, 6000, 1, 232, 0, 1, 4, 16, 16.0, 1, 2, 1, 4, 1, 2, 1, 2, 1, 2, 1, 1, 1, 64, 0, 0, 1, 8, 8, 8, 1, 2.0062e+02
1, 6000, 1, 232, 0, 1, 8, 8, 16.0, 1, 2, 1, 4, 1, 2, 1, 2, 1, 2, 1, 1, 1, 64, 0, 0, 1, 8, 8, 8, 1, 1.3583e+02
1, 6000, 1, 512, 0, 1, 4, 16, 16.0, 1, 2, 1, 4, 1, 2, 1, 2, 1, 2, 1, 1, 1, 64, 0, 0, 1, 8, 8, 8, 1, 1.0661e+02
1, 6000, 1, 512, 0, 1, 8, 8, 16.0, 1, 2, 1, 4, 1, 2, 1, 2, 1, 2, 1, 1, 1, 64, 0, 0, 1, 8, 8, 8, 1, 9.8168e+01
1, 6000, 1, 768, 0, 1, 4, 16, 16.0, 1, 2, 1, 4, 1, 2, 1, 2, 1, 2, 1, 1, 1, 64, 0, 0, 1, 8, 8, 8, 1, 6.6455e+01
1, 6000, 1, 768, 0, 1, 8, 8, 16.0, 1, 2, 1, 4, 1, 2, 1, 2, 1, 2, 1, 1, 1, 64, 0, 0, 1, 8, 8, 8, 1, 6.7711e+01
1, 11000, 1, 128, 0, 1, 4, 16, 16.0, 1, 2, 1, 4, 1, 2, 1, 2, 1, 2, 1, 1, 1, 64, 0, 0, 1, 8, 8, 8, 1, 3.8394e+02
1, 14616, 1, 768, 0, 1, 1, 32, 16.0, 1, 2, 1, 4, 1, 2, 1, 2, 1, 2, 1, 1, 1, 64, 0, 0, 1, 8, 4, 8, 1, 8.0227e+01
1, 11000, 1, 128, 0, 1, 8, 8, 16.0, 1, 2, 1, 4, 1, 2, 1, 2, 1, 2, 1, 1, 1, 64, 0, 0, 1, 8, 8, 8, 1, 3.3089e+02
1, 11000, 1, 232, 0, 1, 4, 16, 16.0, 1, 2, 1, 4, 1, 2, 1, 2, 1, 2, 1, 1, 1, 64, 0, 0, 1, 8, 8, 8, 1, 3.6420e+02
1, 11000, 1, 232, 0, 1, 8, 8, 16.0, 1, 2, 1, 4, 1, 2, 1, 2, 1, 2, 1, 1, 1, 64, 0, 0, 1, 8, 8, 8, 1, 3.1602e+02
1, 11000, 1, 512, 0, 1, 4, 16, 16.0, 1, 2, 1, 4, 1, 2, 1, 2, 1, 2, 1, 1, 1, 64, 0, 0, 1, 8, 8, 8, 1, 2.3317e+02
1, 11000, 1, 512, 0, 1, 8, 8, 16.0, 1, 2, 1, 4, 1, 2, 1, 2, 1, 2, 1, 1, 1, 64, 0, 0, 1, 8, 8, 8, 1, 2.4549e+02
1, 11000, 1, 768, 0, 1, 4, 16, 16.0, 1, 2, 1, 4, 1, 2, 1, 2, 1, 2, 1, 1, 1, 64, 0, 0, 1, 8, 8, 8, 1, 1.5853e+02
1, 11000, 1, 768, 0, 1, 8, 8, 16.0, 1, 2, 1, 4, 1, 2, 1, 2, 1, 2, 1, 1, 1, 64, 0, 0, 1, 8, 8, 8, 1, 1.7932e+02
1, 14616, 1, 128, 0, 1, 4, 16, 16.0, 1, 2, 1, 4, 1, 2, 1, 2, 1, 2, 1, 1, 1, 64, 0, 0, 1, 8, 8, 8, 1, 4.0090e+02
1, 14616, 1, 128, 0, 1, 8, 8, 16.0, 1, 2, 1, 4, 1, 2, 1, 2, 1, 2, 1, 1, 1, 64, 0, 0, 1, 8, 8, 8, 1, 4.0245e+02
1, 14616, 1, 232, 0, 1, 4, 16, 16.0, 1, 2, 1, 4, 1, 2, 1, 2, 1, 2, 1, 1, 1, 64, 0, 0, 1, 8, 8, 8, 1, 4.0038e+02
1, 14616, 1, 232, 0, 1, 8, 8, 16.0, 1, 2, 1, 4, 1, 2, 1, 2, 1, 2, 1, 1, 1, 64, 0, 0, 1, 8, 8, 8, 1, 3.7269e+02
1, 14616, 1, 512, 0, 1, 4, 16, 16.0, 1, 2, 1, 4, 1, 2, 1, 2, 1, 2, 1, 1, 1, 64, 0, 0, 1, 8, 8, 8, 1, 3.1531e+02
1, 3000, 1, 128, 0, 1, 1, 4, 16.0, 1, 2, 1, 4, 1, 2, 1, 2, 1, 2, 1, 1, 1, 64, 0, 0, 1, 8, 4, 1, 4, 3.0315e+01
1, 3000, 1, 128, 0, 1, 4, 1, 16.0, 1, 2, 1, 4, 1, 2, 1, 2, 1, 2, 1, 1, 1, 64, 0, 0, 1, 8, 4, 1, 4, 2.5462e+01
1, 14616, 1, 512, 0, 1, 8, 8, 16.0, 1, 2, 1, 4, 1, 2, 1, 2, 1, 2, 1, 1, 1, 64, 0, 0, 1, 8, 8, 8, 1, 2.9192e+02
1, 3000, 1, 232, 0, 1, 1, 4, 16.0, 1, 2, 1, 4, 1, 2, 1, 2, 1, 2, 1, 1, 1, 64, 0, 0, 1, 8, 4, 1, 4, 3.0141e+01
1, 3000, 1, 512, 0, 1, 1, 4, 16.0, 1, 2, 1, 4, 1, 2, 1, 2, 1, 2, 1, 1, 1, 64, 0, 0, 1, 8, 4, 1, 4, 2.4166e+01
1, 3000, 1, 232, 0, 1, 4, 1, 16.0, 1, 2, 1, 4, 1, 2, 1, 2, 1, 2, 1, 1, 1, 64, 0, 0, 1, 8, 4, 1, 4, 2.2634e+01
1, 3000, 1, 512, 0, 1, 4, 1, 16.0, 1, 2, 1, 4, 1, 2, 1, 2, 1, 2, 1, 1, 1, 64, 0, 0, 1, 8, 4, 1, 4, 2.0061e+01
1, 3000, 1, 768, 0, 1, 1, 4, 16.0, 1, 2, 1, 4, 1, 2, 1, 2, 1, 2, 1, 1, 1, 64, 0, 0, 1, 8, 4, 1, 4, 1.7216e+01
1, 3000, 1, 768, 0, 1, 4, 1, 16.0, 1, 2, 1, 4, 1, 2, 1, 2, 1, 2, 1, 1, 1, 64, 0, 0, 1, 8, 4, 1, 4, 1.6340e+01
1, 14616, 1, 768, 0, 1, 4, 16, 16.0, 1, 2, 1, 4, 1, 2, 1, 2, 1, 2, 1, 1, 1, 64, 0, 0, 1, 8, 8, 8, 1, 2.1728e+02
1, 14616, 1, 768, 0, 1, 8, 8, 16.0, 1, 2, 1, 4, 1, 2, 1, 2, 1, 2, 1, 1, 1, 64, 0, 0, 1, 8, 8, 8, 1, 2.1491e+02
1, 6000, 1, 128, 0, 1, 1, 4, 16.0, 1, 2, 1, 4, 1, 2, 1, 2, 1, 2, 1, 1, 1, 64, 0, 0, 1, 8, 4, 1, 4, 3.5830e+01
1, 6000, 1, 128, 0, 1, 4, 1, 16.0, 1, 2, 1, 4, 1, 2, 1, 2, 1, 2, 1, 1, 1, 64, 0, 0, 1, 8, 4, 1, 4, 3.5045e+01
1, 6000, 1, 232, 0, 1, 1, 4, 16.0, 1, 2, 1, 4, 1, 2, 1, 2, 1, 2, 1, 1, 1, 64, 0, 0, 1, 8, 4, 1, 4, 3.4347e+01
1, 6000, 1, 232, 0, 1, 4, 1, 16.0, 1, 2, 1, 4, 1, 2, 1, 2, 1, 2, 1, 1, 1, 64, 0, 0, 1, 8, 4, 1, 4, 3.4082e+01
1, 6000, 1, 512, 0, 1, 1, 4, 16.0, 1, 2, 1, 4, 1, 2, 1, 2, 1, 2, 1, 1, 1, 64, 0, 0, 1, 8, 4, 1, 4, 3.2321e+01
1, 6000, 1, 512, 0, 1, 4, 1, 16.0, 1, 2, 1, 4, 1, 2, 1, 2, 1, 2, 1, 1, 1, 64, 0, 0, 1, 8, 4, 1, 4, 2.9283e+01
1, 6000, 1, 768, 0, 1, 1, 4, 16.0, 1, 2, 1, 4, 1, 2, 1, 2, 1, 2, 1, 1, 1, 64, 0, 0, 1, 8, 4, 1, 4, 2.8704e+01
1, 6000, 1, 768, 0, 1, 4, 1, 16.0, 1, 2, 1, 4, 1, 2, 1, 2, 1, 2, 1, 1, 1, 64, 0, 0, 1, 8, 4, 1, 4, 2.5485e+01
1, 11000, 1, 128, 0, 1, 4, 1, 16.0, 1, 2, 1, 4, 1, 2, 1, 2, 1, 2, 1, 1, 1, 64, 0, 0, 1, 8, 4, 1, 4, 3.9020e+01
1, 11000, 1, 128, 0, 1, 1, 4, 16.0, 1, 2, 1, 4, 1, 2, 1, 2, 1, 2, 1, 1, 1, 64, 0, 0, 1, 8, 4, 1, 4, 3.9008e+01
1, 11000, 1, 232, 0, 1, 1, 4, 16.0, 1, 2, 1, 4, 1, 2, 1, 2, 1, 2, 1, 1, 1, 64, 0, 0, 1, 8, 4, 1, 4, 3.7883e+01
1, 11000, 1, 232, 0, 1, 4, 1, 16.0, 1, 2, 1, 4, 1, 2, 1, 2, 1, 2, 1, 1, 1, 64, 0, 0, 1, 8, 4, 1, 4, 3.9126e+01
1, 11000, 1, 512, 0, 1, 1, 4, 16.0, 1, 2, 1, 4, 1, 2, 1, 2, 1, 2, 1, 1, 1, 64, 0, 0, 1, 8, 4, 1, 4, 3.5178e+01
1, 11000, 1, 512, 0, 1, 4, 1, 16.0, 1, 2, 1, 4, 1, 2, 1, 2, 1, 2, 1, 1, 1, 64, 0, 0, 1, 8, 4, 1, 4, 3.5076e+01
1, 11000, 1, 768, 0, 1, 1, 4, 16.0, 1, 2, 1, 4, 1, 2, 1, 2, 1, 2, 1, 1, 1, 64, 0, 0, 1, 8, 4, 1, 4, 3.4151e+01
1, 11000, 1, 768, 0, 1, 4, 1, 16.0, 1, 2, 1, 4, 1, 2, 1, 2, 1, 2, 1, 1, 1, 64, 0, 0, 1, 8, 4, 1, 4, 3.2481e+01
1, 3000, 1, 128, 0, 1, 1, 8, 16.0, 1, 2, 1, 4, 1, 2, 1, 2, 1, 2, 1, 1, 1, 64, 0, 0, 1, 8, 8, 1, 4, 4.7756e+01
1, 3000, 1, 128, 0, 1, 8, 1, 16.0, 1, 2, 1, 4, 1, 2, 1, 2, 1, 2, 1, 1, 1, 64, 0, 0, 1, 8, 8, 1, 4, 2.6684e+01
1, 3000, 1, 232, 0, 1, 1, 8, 16.0, 1, 2, 1, 4, 1, 2, 1, 2, 1, 2, 1, 1, 1, 64, 0, 0, 1, 8, 8, 1, 4, 3.9930e+01
1, 3000, 1, 232, 0, 1, 8, 1, 16.0, 1, 2, 1, 4, 1, 2, 1, 2, 1, 2, 1, 1, 1, 64, 0, 0, 1, 8, 8, 1, 4, 2.3826e+01
1, 3000, 1, 512, 0, 1, 1, 8, 16.0, 1, 2, 1, 4, 1, 2, 1, 2, 1, 2, 1, 1, 1, 64, 0, 0, 1, 8, 8, 1, 4, 2.3774e+01
1, 3000, 1, 512, 0, 1, 8, 1, 16.0, 1, 2, 1, 4, 1, 2, 1, 2, 1, 2, 1, 1, 1, 64, 0, 0, 1, 8, 8, 1, 4, 1.8135e+01
1, 3000, 1, 768, 0, 1, 1, 8, 16.0, 1, 2, 1, 4, 1, 2, 1, 2, 1, 2, 1, 1, 1, 64, 0, 0, 1, 8, 8, 1, 4, 1.6641e+01
1, 3000, 1, 768, 0, 1, 8, 1, 16.0, 1, 2, 1, 4, 1, 2, 1, 2, 1, 2, 1, 1, 1, 64, 0, 0, 1, 8, 8, 1, 4, 1.4354e+01
1, 14616, 1, 128, 0, 1, 4, 1, 16.0, 1, 2, 1, 4, 1, 2, 1, 2, 1, 2, 1, 1, 1, 64, 0, 0, 1, 8, 4, 1, 4, 4.1576e+01
1, 6000, 1, 128, 0, 1, 1, 8, 16.0, 1, 2, 1, 4, 1, 2, 1, 2, 1, 2, 1, 1, 1, 64, 0, 0, 1, 8, 8, 1, 4, 6.4131e+01
1, 14616, 1, 128, 0, 1, 1, 4, 16.0, 1, 2, 1, 4, 1, 2, 1, 2, 1, 2, 1, 1, 1, 64, 0, 0, 1, 8, 4, 1, 4, 4.0491e+01
1, 6000, 1, 128, 0, 1, 8, 1, 16.0, 1, 2, 1, 4, 1, 2, 1, 2, 1, 2, 1, 1, 1, 64, 0, 0, 1, 8, 8, 1, 4, 5.1800e+01
1, 6000, 1, 232, 0, 1, 1, 8, 16.0, 1, 2, 1, 4, 1, 2, 1, 2, 1, 2, 1, 1, 1, 64, 0, 0, 1, 8, 8, 1, 4, 5.9778e+01
1, 6000, 1, 232, 0, 1, 8, 1, 16.0, 1, 2, 1, 4, 1, 2, 1, 2, 1, 2, 1, 1, 1, 64, 0, 0, 1, 8, 8, 1, 4, 4.7628e+01
1, 6000, 1, 512, 0, 1, 1, 8, 16.0, 1, 2, 1, 4, 1, 2, 1, 2, 1, 2, 1, 1, 1, 64, 0, 0, 1, 8, 8, 1, 4, 4.7088e+01
1, 6000, 1, 512, 0, 1, 8, 1, 16.0, 1, 2, 1, 4, 1, 2, 1, 2, 1, 2, 1, 1, 1, 64, 0, 0, 1, 8, 8, 1, 4, 3.7678e+01
1, 6000, 1, 768, 0, 1, 1, 8, 16.0, 1, 2, 1, 4, 1, 2, 1, 2, 1, 2, 1, 1, 1, 64, 0, 0, 1, 8, 8, 1, 4, 3.4109e+01
1, 14616, 1, 232, 0, 1, 4, 1, 16.0, 1, 2, 1, 4, 1, 2, 1, 2, 1, 2, 1, 1, 1, 64, 0, 0, 1, 8, 4, 1, 4, 4.0324e+01
1, 14616, 1, 232, 0, 1, 1, 4, 16.0, 1, 2, 1, 4, 1, 2, 1, 2, 1, 2, 1, 1, 1, 64, 0, 0, 1, 8, 4, 1, 4, 3.8781e+01
1, 6000, 1, 768, 0, 1, 8, 1, 16.0, 1, 2, 1, 4, 1, 2, 1, 2, 1, 2, 1, 1, 1, 64, 0, 0, 1, 8, 8, 1, 4, 3.1562e+01
1, 14616, 1, 512, 0, 1, 4, 1, 16.0, 1, 2, 1, 4, 1, 2, 1, 2, 1, 2, 1, 1, 1, 64, 0, 0, 1, 8, 4, 1, 4, 3.7518e+01
1, 14616, 1, 512, 0, 1, 1, 4, 16.0, 1, 2, 1, 4, 1, 2, 1, 2, 1, 2, 1, 1, 1, 64, 0, 0, 1, 8, 4, 1, 4, 3.6034e+01
1, 11000, 1, 128, 0, 1, 1, 8, 16.0, 1, 2, 1, 4, 1, 2, 1, 2, 1, 2, 1, 1, 1, 64, 0, 0, 1, 8, 8, 1, 4, 7.0732e+01
1, 14616, 1, 768, 0, 1, 1, 4, 16.0, 1, 2, 1, 4, 1, 2, 1, 2, 1, 2, 1, 1, 1, 64, 0, 0, 1, 8, 4, 1, 4, 3.4157e+01
1, 14616, 1, 768, 0, 1, 4, 1, 16.0, 1, 2, 1, 4, 1, 2, 1, 2, 1, 2, 1, 1, 1, 64, 0, 0, 1, 8, 4, 1, 4, 3.4203e+01
1, 11000, 1, 128, 0, 1, 8, 1, 16.0, 1, 2, 1, 4, 1, 2, 1, 2, 1, 2, 1, 1, 1, 64, 0, 0, 1, 8, 8, 1, 4, 6.7950e+01
1, 11000, 1, 232, 0, 1, 1, 8, 16.0, 1, 2, 1, 4, 1, 2, 1, 2, 1, 2, 1, 1, 1, 64, 0, 0, 1, 8, 8, 1, 4, 7.0344e+01
1, 11000, 1, 232, 0, 1, 8, 1, 16.0, 1, 2, 1, 4, 1, 2, 1, 2, 1, 2, 1, 1, 1, 64, 0, 0, 1, 8, 8, 1, 4, 6.4903e+01
1, 11000, 1, 512, 0, 1, 1, 8, 16.0, 1, 2, 1, 4, 1, 2, 1, 2, 1, 2, 1, 1, 1, 64, 0, 0, 1, 8, 8, 1, 4, 6.2505e+01
1, 11000, 1, 512, 0, 1, 8, 1, 16.0, 1, 2, 1, 4, 1, 2, 1, 2, 1, 2, 1, 1, 1, 64, 0, 0, 1, 8, 8, 1, 4, 5.2711e+01
1, 11000, 1, 768, 0, 1, 1, 8, 16.0, 1, 2, 1, 4, 1, 2, 1, 2, 1, 2, 1, 1, 1, 64, 0, 0, 1, 8, 8, 1, 4, 5.3444e+01
1, 11000, 1, 768, 0, 1, 8, 1, 16.0, 1, 2, 1, 4, 1, 2, 1, 2, 1, 2, 1, 1, 1, 64, 0, 0, 1, 8, 8, 1, 4, 4.5431e+01
1, 14616, 1, 128, 0, 1, 1, 8, 16.0, 1, 2, 1, 4, 1, 2, 1, 2, 1, 2, 1, 1, 1, 64, 0, 0, 1, 8, 8, 1, 4, 7.3913e+01
1, 14616, 1, 128, 0, 1, 8, 1, 16.0, 1, 2, 1, 4, 1, 2, 1, 2, 1, 2, 1, 1, 1, 64, 0, 0, 1, 8, 8, 1, 4, 7.2813e+01
1, 14616, 1, 232, 0, 1, 1, 8, 16.0, 1, 2, 1, 4, 1, 2, 1, 2, 1, 2, 1, 1, 1, 64, 0, 0, 1, 8, 8, 1, 4, 7.2295e+01
1, 14616, 1, 232, 0, 1, 8, 1, 16.0, 1, 2, 1, 4, 1, 2, 1, 2, 1, 2, 1, 1, 1, 64, 0, 0, 1, 8, 8, 1, 4, 7.0362e+01
1, 14616, 1, 512, 0, 1, 1, 8, 16.0, 1, 2, 1, 4, 1, 2, 1, 2, 1, 2, 1, 1, 1, 64, 0, 0, 1, 8, 8, 1, 4, 6.8138e+01
1, 14616, 1, 512, 0, 1, 8, 1, 16.0, 1, 2, 1, 4, 1, 2, 1, 2, 1, 2, 1, 1, 1, 64, 0, 0, 1, 8, 8, 1, 4, 5.9028e+01
1, 14616, 1, 768, 0, 1, 1, 8, 16.0, 1, 2, 1, 4, 1, 2, 1, 2, 1, 2, 1, 1, 1, 64, 0, 0, 1, 8, 8, 1, 4, 5.4286e+01
1, 14616, 1, 768, 0, 1, 8, 1, 16.0, 1, 2, 1, 4, 1, 2, 1, 2, 1, 2, 1, 1, 1, 64, 0, 0, 1, 8, 8, 1, 4, 5.2003e+01
1, 3000, 1, 32, 0, 1, 1, 32, 16.0, 1, 2, 1, 4, 1, 2, 1, 2, 1, 2, 1, 1, 1, 64, 0, 0, 1, 8, 4, 8, 1, 8.9915e+01
1, 3000, 1, 32, 0, 1, 4, 8, 16.0, 1, 2, 1, 4, 1, 2, 1, 2, 1, 2, 1, 1, 1, 64, 0, 0, 1, 8, 4, 8, 1, 4.5091e+01
1, 3000, 1, 32, 0, 1, 8, 4, 16.0, 1, 2, 1, 4, 1, 2, 1, 2, 1, 2, 1, 1, 1, 64, 0, 0, 1, 8, 4, 8, 1, 2.3097e+01
1, 3000, 1, 48, 0, 1, 1, 1, 16.0, 1, 2, 1, 4, 1, 2, 1, 2, 1, 2, 1, 1, 1, 64, 0, 0, 1, 8, 1, 1, 4, 1.0021e+01
1, 3000, 1, 64, 0, 1, 1, 1, 16.0, 1, 2, 1, 4, 1, 2, 1, 2, 1, 2, 1, 1, 1, 64, 0, 0, 1, 8, 1, 1, 4, 1.0271e+01
1, 3000, 1, 32, 0, 1, 1, 1, 16.0, 1, 2, 1, 4, 1, 2, 1, 2, 1, 2, 1, 1, 1, 64, 0, 0, 1, 8, 1, 1, 4, 9.3608e+00
1, 3000, 1, 48, 0, 1, 1, 32, 16.0, 1, 2, 1, 4, 1, 2, 1, 2, 1, 2, 1, 1, 1, 64, 0, 0, 1, 8, 4, 8, 1, 8.4683e+01
1, 3000, 1, 96, 0, 1, 1, 1, 16.0, 1, 2, 1, 4, 1, 2, 1, 2, 1, 2, 1, 1, 1, 64, 0, 0, 1, 8, 1, 1, 4, 1.0413e+01
1, 6000, 1, 48, 0, 1, 1, 1, 16.0, 1, 2, 1, 4, 1, 2, 1, 2, 1, 2, 1, 1, 1, 64, 0, 0, 1, 8, 1, 1, 4, 1.0250e+01
1, 6000, 1, 32, 0, 1, 1, 1, 16.0, 1, 2, 1, 4, 1, 2, 1, 2, 1, 2, 1, 1, 1, 64, 0, 0, 1, 8, 1, 1, 4, 9.7253e+00
1, 3000, 1, 32, 0, 1, 1, 8, 16.0, 1, 2, 1, 4, 1, 2, 1, 2, 1, 2, 1, 1, 1, 64, 0, 0, 1, 8, 8, 1, 4, 4.7105e+01
1, 3000, 1, 32, 0, 1, 8, 1, 16.0, 1, 2, 1, 4, 1, 2, 1, 2, 1, 2, 1, 1, 1, 64, 0, 0, 1, 8, 8, 1, 4, 2.2778e+01
1, 3000, 1, 48, 0, 1, 1, 8, 16.0, 1, 2, 1, 4, 1, 2, 1, 2, 1, 2, 1, 1, 1, 64, 0, 0, 1, 8, 8, 1, 4, 4.8686e+01
1, 3000, 1, 48, 0, 1, 8, 1, 16.0, 1, 2, 1, 4, 1, 2, 1, 2, 1, 2, 1, 1, 1, 64, 0, 0, 1, 8, 8, 1, 4, 2.6364e+01
1, 3000, 1, 64, 0, 1, 1, 8, 16.0, 1, 2, 1, 4, 1, 2, 1, 2, 1, 2, 1, 1, 1, 64, 0, 0, 1, 8, 8, 1, 4, 4.9850e+01
1, 3000, 1, 64, 0, 1, 8, 1, 16.0, 1, 2, 1, 4, 1, 2, 1, 2, 1, 2, 1, 1, 1, 64, 0, 0, 1, 8, 8, 1, 4, 2.5405e+01
1, 3000, 1, 96, 0, 1, 1, 8, 16.0, 1, 2, 1, 4, 1, 2, 1, 2, 1, 2, 1, 1, 1, 64, 0, 0, 1, 8, 8, 1, 4, 4.9799e+01
1, 3000, 1, 96, 0, 1, 8, 1, 16.0, 1, 2, 1, 4, 1, 2, 1, 2, 1, 2, 1, 1, 1, 64, 0, 0, 1, 8, 8, 1, 4, 2.5483e+01
1, 6000, 1, 32, 0, 1, 1, 8, 16.0, 1, 2, 1, 4, 1, 2, 1, 2, 1, 2, 1, 1, 1, 64, 0, 0, 1, 8, 8, 1, 4, 6.2781e+01
1, 6000, 1, 32, 0, 1, 8, 1, 16.0, 1, 2, 1, 4, 1, 2, 1, 2, 1, 2, 1, 1, 1, 64, 0, 0, 1, 8, 8, 1, 4, 4.8085e+01
1, 6000, 1, 48, 0, 1, 1, 8, 16.0, 1, 2, 1, 4, 1, 2, 1, 2, 1, 2, 1, 1, 1, 64, 0, 0, 1, 8, 8, 1, 4, 6.4942e+01
1, 6000, 1, 48, 0, 1, 8, 1, 16.0, 1, 2, 1, 4, 1, 2, 1, 2, 1, 2, 1, 1, 1, 64, 0, 0, 1, 8, 8, 1, 4, 5.1969e+01
1, 6000, 1, 64, 0, 1, 1, 8, 16.0, 1, 2, 1, 4, 1, 2, 1, 2, 1, 2, 1, 1, 1, 64, 0, 0, 1, 8, 8, 1, 4, 6.4267e+01
1, 6000, 1, 64, 0, 1, 8, 1, 16.0, 1, 2, 1, 4, 1, 2, 1, 2, 1, 2, 1, 1, 1, 64, 0, 0, 1, 8, 8, 1, 4, 5.2029e+01
1, 6000, 1, 96, 0, 1, 1, 8, 16.0, 1, 2, 1, 4, 1, 2, 1, 2, 1, 2, 1, 1, 1, 64, 0, 0, 1, 8, 8, 1, 4, 6.4583e+01
1, 6000, 1, 96, 0, 1, 8, 1, 16.0, 1, 2, 1, 4, 1, 2, 1, 2, 1, 2, 1, 1, 1, 64, 0, 0, 1, 8, 8, 1, 4, 5.2883e+01
1, 11000, 1, 32, 0, 1, 1, 8, 16.0, 1, 2, 1, 4, 1, 2, 1, 2, 1, 2, 1, 1, 1, 64, 0, 0, 1, 8, 8, 1, 4, 6.9847e+01
1, 11000, 1, 32, 0, 1, 8, 1, 16.0, 1, 2, 1, 4, 1, 2, 1, 2, 1, 2, 1, 1, 1, 64, 0, 0, 1, 8, 8, 1, 4, 6.3573e+01
1, 11000, 1, 48, 0, 1, 1, 8, 16.0, 1, 2, 1, 4, 1, 2, 1, 2, 1, 2, 1, 1, 1, 64, 0, 0, 1, 8, 8, 1, 4, 7.1664e+01
1, 11000, 1, 48, 0, 1, 8, 1, 16.0, 1, 2, 1, 4, 1, 2, 1, 2, 1, 2, 1, 1, 1, 64, 0, 0, 1, 8, 8, 1, 4, 6.6761e+01
1, 11000, 1, 64, 0, 1, 1, 8, 16.0, 1, 2, 1, 4, 1, 2, 1, 2, 1, 2, 1, 1, 1, 64, 0, 0, 1, 8, 8, 1, 4, 7.1634e+01
1, 11000, 1, 64, 0, 1, 8, 1, 16.0, 1, 2, 1, 4, 1, 2, 1, 2, 1, 2, 1, 1, 1, 64, 0, 0, 1, 8, 8, 1, 4, 6.7868e+01
1, 11000, 1, 96, 0, 1, 1, 8, 16.0, 1, 2, 1, 4, 1, 2, 1, 2, 1, 2, 1, 1, 1, 64, 0, 0, 1, 8, 8, 1, 4, 7.1600e+01
1, 11000, 1, 96, 0, 1, 8, 1, 16.0, 1, 2, 1, 4, 1, 2, 1, 2, 1, 2, 1, 1, 1, 64, 0, 0, 1, 8, 8, 1, 4, 6.9080e+01
1, 14616, 1, 32, 0, 1, 1, 8, 16.0, 1, 2, 1, 4, 1, 2, 1, 2, 1, 2, 1, 1, 1, 64, 0, 0, 1, 8, 8, 1, 4, 7.0769e+01
1, 14616, 1, 32, 0, 1, 8, 1, 16.0, 1, 2, 1, 4, 1, 2, 1, 2, 1, 2, 1, 1, 1, 64, 0, 0, 1, 8, 8, 1, 4, 6.6974e+01
1, 14616, 1, 48, 0, 1, 1, 8, 16.0, 1, 2, 1, 4, 1, 2, 1, 2, 1, 2, 1, 1, 1, 64, 0, 0, 1, 8, 8, 1, 4, 7.4511e+01
1, 14616, 1, 48, 0, 1, 8, 1, 16.0, 1, 2, 1, 4, 1, 2, 1, 2, 1, 2, 1, 1, 1, 64, 0, 0, 1, 8, 8, 1, 4, 7.0881e+01
1, 14616, 1, 64, 0, 1, 1, 8, 16.0, 1, 2, 1, 4, 1, 2, 1, 2, 1, 2, 1, 1, 1, 64, 0, 0, 1, 8, 8, 1, 4, 7.4411e+01
1, 14616, 1, 64, 0, 1, 8, 1, 16.0, 1, 2, 1, 4, 1, 2, 1, 2, 1, 2, 1, 1, 1, 64, 0, 0, 1, 8, 8, 1, 4, 7.2204e+01
1, 14616, 1, 96, 0, 1, 1, 8, 16.0, 1, 2, 1, 4, 1, 2, 1, 2, 1, 2, 1, 1, 1, 64, 0, 0, 1, 8, 8, 1, 4, 7.5359e+01
1, 14616, 1, 96, 0, 1, 8, 1, 16.0, 1, 2, 1, 4, 1, 2, 1, 2, 1, 2, 1, 1, 1, 64, 0, 0, 1, 8, 8, 1, 4, 7.3413e+01
1, 3000, 1, 32, 0, 1, 4, 16, 16.0, 1, 2, 1, 4, 1, 2, 1, 2, 1, 2, 1, 1, 1, 64, 0, 0, 1, 8, 8, 8, 1, 7.3898e+01
1, 3000, 1, 32, 0, 1, 8, 8, 16.0, 1, 2, 1, 4, 1, 2, 1, 2, 1, 2, 1, 1, 1, 64, 0, 0, 1, 8, 8, 8, 1, 3.3948e+01
1, 3000, 1, 48, 0, 1, 4, 16, 16.0, 1, 2, 1, 4, 1, 2, 1, 2, 1, 2, 1, 1, 1, 64, 0, 0, 1, 8, 8, 8, 1, 7.1756e+01
1, 6000, 1, 64, 0, 1, 1, 1, 16.0, 1, 2, 1, 4, 1, 2, 1, 2, 1, 2, 1, 1, 1, 64, 0, 0, 1, 8, 1, 1, 4, 1.0565e+01
1, 3000, 1, 48, 0, 1, 8, 8, 16.0, 1, 2, 1, 4, 1, 2, 1, 2, 1, 2, 1, 1, 1, 64, 0, 0, 1, 8, 8, 8, 1, 3.3798e+01
1, 6000, 1, 96, 0, 1, 1, 1, 16.0, 1, 2, 1, 4, 1, 2, 1, 2, 1, 2, 1, 1, 1, 64, 0, 0, 1, 8, 1, 1, 4, 1.0931e+01
1, 3000, 1, 64, 0, 1, 4, 16, 16.0, 1, 2, 1, 4, 1, 2, 1, 2, 1, 2, 1, 1, 1, 64, 0, 0, 1, 8, 8, 8, 1, 7.2160e+01
1, 3000, 1, 64, 0, 1, 8, 8, 16.0, 1, 2, 1, 4, 1, 2, 1, 2, 1, 2, 1, 1, 1, 64, 0, 0, 1, 8, 8, 8, 1, 3.1566e+01
1, 3000, 1, 96, 0, 1, 4, 16, 16.0, 1, 2, 1, 4, 1, 2, 1, 2, 1, 2, 1, 1, 1, 64, 0, 0, 1, 8, 8, 8, 1, 7.8503e+01
1, 11000, 1, 48, 0, 1, 1, 1, 16.0, 1, 2, 1, 4, 1, 2, 1, 2, 1, 2, 1, 1, 1, 64, 0, 0, 1, 8, 1, 1, 4, 1.0429e+01
1, 3000, 1, 96, 0, 1, 8, 8, 16.0, 1, 2, 1, 4, 1, 2, 1, 2, 1, 2, 1, 1, 1, 64, 0, 0, 1, 8, 8, 8, 1, 3.6427e+01
1, 11000, 1, 32, 0, 1, 1, 1, 16.0, 1, 2, 1, 4, 1, 2, 1, 2, 1, 2, 1, 1, 1, 64, 0, 0, 1, 8, 1, 1, 4, 9.5261e+00
1, 6000, 1, 32, 0, 1, 4, 16, 16.0, 1, 2, 1, 4, 1, 2, 1, 2, 1, 2, 1, 1, 1, 64, 0, 0, 1, 8, 8, 8, 1, 1.9766e+02
1, 6000, 1, 32, 0, 1, 8, 8, 16.0, 1, 2, 1, 4, 1, 2, 1, 2, 1, 2, 1, 1, 1, 64, 0, 0, 1, 8, 8, 8, 1, 1.2983e+02
1, 6000, 1, 48, 0, 1, 4, 16, 16.0, 1, 2, 1, 4, 1, 2, 1, 2, 1, 2, 1, 1, 1, 64, 0, 0, 1, 8, 8, 8, 1, 2.1054e+02
1, 11000, 1, 96, 0, 1, 1, 1, 16.0, 1, 2, 1, 4, 1, 2, 1, 2, 1, 2, 1, 1, 1, 64, 0, 0, 1, 8, 1, 1, 4, 1.1133e+01
1, 11000, 1, 64, 0, 1, 1, 1, 16.0, 1, 2, 1, 4, 1, 2, 1, 2, 1, 2, 1, 1, 1, 64, 0, 0, 1, 8, 1, 1, 4, 1.0513e+01
1, 6000, 1, 48, 0, 1, 8, 8, 16.0, 1, 2, 1, 4, 1, 2, 1, 2, 1, 2, 1, 1, 1, 64, 0, 0, 1, 8, 8, 8, 1, 1.5049e+02
1, 6000, 1, 64, 0, 1, 4, 16, 16.0, 1, 2, 1, 4, 1, 2, 1, 2, 1, 2, 1, 1, 1, 64, 0, 0, 1, 8, 8, 8, 1, 1.8500e+02
1, 6000, 1, 64, 0, 1, 8, 8, 16.0, 1, 2, 1, 4, 1, 2, 1, 2, 1, 2, 1, 1, 1, 64, 0, 0, 1, 8, 8, 8, 1, 1.5166e+02
1, 6000, 1, 96, 0, 1, 4, 16, 16.0, 1, 2, 1, 4, 1, 2, 1, 2, 1, 2, 1, 1, 1, 64, 0, 0, 1, 8, 8, 8, 1, 2.2776e+02
1, 6000, 1, 96, 0, 1, 8, 8, 16.0, 1, 2, 1, 4, 1, 2, 1, 2, 1, 2, 1, 1, 1, 64, 0, 0, 1, 8, 8, 8, 1, 1.5110e+02
1, 11000, 1, 32, 0, 1, 4, 16, 16.0, 1, 2, 1, 4, 1, 2, 1, 2, 1, 2, 1, 1, 1, 64, 0, 0, 1, 8, 8, 8, 1, 3.0911e+02
1, 11000, 1, 32, 0, 1, 8, 8, 16.0, 1, 2, 1, 4, 1, 2, 1, 2, 1, 2, 1, 1, 1, 64, 0, 0, 1, 8, 8, 8, 1, 2.9183e+02
1, 11000, 1, 48, 0, 1, 4, 16, 16.0, 1, 2, 1, 4, 1, 2, 1, 2, 1, 2, 1, 1, 1, 64, 0, 0, 1, 8, 8, 8, 1, 3.5299e+02
1, 14616, 1, 32, 0, 1, 1, 1, 16.0, 1, 2, 1, 4, 1, 2, 1, 2, 1, 2, 1, 1, 1, 64, 0, 0, 1, 8, 1, 1, 4, 9.8531e+00
1, 14616, 1, 48, 0, 1, 1, 1, 16.0, 1, 2, 1, 4, 1, 2, 1, 2, 1, 2, 1, 1, 1, 64, 0, 0, 1, 8, 1, 1, 4, 1.0224e+01
1, 11000, 1, 48, 0, 1, 8, 8, 16.0, 1, 2, 1, 4, 1, 2, 1, 2, 1, 2, 1, 1, 1, 64, 0, 0, 1, 8, 8, 8, 1, 3.1712e+02
1, 3000, 1, 32, 0, 1, 1, 8, 16.0, 1, 2, 1, 4, 1, 2, 1, 2, 1, 2, 1, 1, 1, 64, 0, 0, 1, 8, 1, 8, 1, 4.9396e+01
1, 11000, 1, 64, 0, 1, 4, 16, 16.0, 1, 2, 1, 4, 1, 2, 1, 2, 1, 2, 1, 1, 1, 64, 0, 0, 1, 8, 8, 8, 1, 3.6283e+02
1, 3000, 1, 32, 0, 1, 8, 1, 16.0, 1, 2, 1, 4, 1, 2, 1, 2, 1, 2, 1, 1, 1, 64, 0, 0, 1, 8, 1, 8, 1, 4.3604e+01
1, 11000, 1, 64, 0, 1, 8, 8, 16.0, 1, 2, 1, 4, 1, 2, 1, 2, 1, 2, 1, 1, 1, 64, 0, 0, 1, 8, 8, 8, 1, 3.3808e+02
1, 11000, 1, 96, 0, 1, 4, 16, 16.0, 1, 2, 1, 4, 1, 2, 1, 2, 1, 2, 1, 1, 1, 64, 0, 0, 1, 8, 8, 8, 1, 3.5244e+02
1, 11000, 1, 96, 0, 1, 8, 8, 16.0, 1, 2, 1, 4, 1, 2, 1, 2, 1, 2, 1, 1, 1, 64, 0, 0, 1, 8, 8, 8, 1, 3.3794e+02
1, 14616, 1, 32, 0, 1, 4, 16, 16.0, 1, 2, 1, 4, 1, 2, 1, 2, 1, 2, 1, 1, 1, 64, 0, 0, 1, 8, 8, 8, 1, 3.4111e+02
1, 14616, 1, 64, 0, 1, 1, 1, 16.0, 1, 2, 1, 4, 1, 2, 1, 2, 1, 2, 1, 1, 1, 64, 0, 0, 1, 8, 1, 1, 4, 1.0528e+01
1, 14616, 1, 32, 0, 1, 8, 8, 16.0, 1, 2, 1, 4, 1, 2, 1, 2, 1, 2, 1, 1, 1, 64, 0, 0, 1, 8, 8, 8, 1, 3.3602e+02
1, 14616, 1, 96, 0, 1, 1, 1, 16.0, 1, 2, 1, 4, 1, 2, 1, 2, 1, 2, 1, 1, 1, 64, 0, 0, 1, 8, 1, 1, 4, 1.1123e+01
1, 3000, 1, 48, 0, 1, 4, 8, 16.0, 1, 2, 1, 4, 1, 2, 1, 2, 1, 2, 1, 1, 1, 64, 0, 0, 1, 8, 4, 8, 1, 5.8525e+01
1, 14616, 1, 48, 0, 1, 4, 16, 16.0, 1, 2, 1, 4, 1, 2, 1, 2, 1, 2, 1, 1, 1, 64, 0, 0, 1, 8, 8, 8, 1, 3.7299e+02
1, 3000, 1, 48, 0, 1, 8, 4, 16.0, 1, 2, 1, 4, 1, 2, 1, 2, 1, 2, 1, 1, 1, 64, 0, 0, 1, 8, 4, 8, 1, 3.3002e+01
1, 14616, 1, 48, 0, 1, 8, 8, 16.0, 1, 2, 1, 4, 1, 2, 1, 2, 1, 2, 1, 1, 1, 64, 0, 0, 1, 8, 8, 8, 1, 3.6467e+02
1, 3000, 1, 64, 0, 1, 1, 32, 16.0, 1, 2, 1, 4, 1, 2, 1, 2, 1, 2, 1, 1, 1, 64, 0, 0, 1, 8, 4, 8, 1, 7.4775e+01
1, 14616, 1, 64, 0, 1, 4, 16, 16.0, 1, 2, 1, 4, 1, 2, 1, 2, 1, 2, 1, 1, 1, 64, 0, 0, 1, 8, 8, 8, 1, 3.9437e+02
1, 3000, 1, 64, 0, 1, 4, 8, 16.0, 1, 2, 1, 4, 1, 2, 1, 2, 1, 2, 1, 1, 1, 64, 0, 0, 1, 8, 4, 8, 1, 7.1543e+01
1, 14616, 1, 64, 0, 1, 8, 8, 16.0, 1, 2, 1, 4, 1, 2, 1, 2, 1, 2, 1, 1, 1, 64, 0, 0, 1, 8, 8, 8, 1, 3.9029e+02
1, 3000, 1, 64, 0, 1, 8, 4, 16.0, 1, 2, 1, 4, 1, 2, 1, 2, 1, 2, 1, 1, 1, 64, 0, 0, 1, 8, 4, 8, 1, 3.5953e+01
1, 14616, 1, 96, 0, 1, 4, 16, 16.0, 1, 2, 1, 4, 1, 2, 1, 2, 1, 2, 1, 1, 1, 64, 0, 0, 1, 8, 8, 8, 1, 3.8881e+02
1, 3000, 1, 96, 0, 1, 1, 32, 16.0, 1, 2, 1, 4, 1, 2, 1, 2, 1, 2, 1, 1, 1, 64, 0, 0, 1, 8, 4, 8, 1, 6.9843e+01
1, 14616, 1, 96, 0, 1, 8, 8, 16.0, 1, 2, 1, 4, 1, 2, 1, 2, 1, 2, 1, 1, 1, 64, 0, 0, 1, 8, 8, 8, 1, 3.9840e+02
1, 3000, 1, 96, 0, 1, 4, 8, 16.0, 1, 2, 1, 4, 1, 2, 1, 2, 1, 2, 1, 1, 1, 64, 0, 0, 1, 8, 4, 8, 1, 7.4475e+01
1, 3000, 1, 96, 0, 1, 8, 4, 16.0, 1, 2, 1, 4, 1, 2, 1, 2, 1, 2, 1, 1, 1, 64, 0, 0, 1, 8, 4, 8, 1, 3.1830e+01
1, 6000, 1, 32, 0, 1, 1, 32, 16.0, 1, 2, 1, 4, 1, 2, 1, 2, 1, 2, 1, 1, 1, 64, 0, 0, 1, 8, 4, 8, 1, 1.5444e+02
1, 6000, 1, 48, 0, 1, 1, 32, 16.0, 1, 2, 1, 4, 1, 2, 1, 2, 1, 2, 1, 1, 1, 64, 0, 0, 1, 8, 4, 8, 1, 1.5296e+02
1, 6000, 1, 32, 0, 1, 4, 8, 16.0, 1, 2, 1, 4, 1, 2, 1, 2, 1, 2, 1, 1, 1, 64, 0, 0, 1, 8, 4, 8, 1, 1.2279e+02
1, 6000, 1, 32, 0, 1, 8, 4, 16.0, 1, 2, 1, 4, 1, 2, 1, 2, 1, 2, 1, 1, 1, 64, 0, 0, 1, 8, 4, 8, 1, 8.1369e+01
1, 6000, 1, 64, 0, 1, 1, 32, 16.0, 1, 2, 1, 4, 1, 2, 1, 2, 1, 2, 1, 1, 1, 64, 0, 0, 1, 8, 4, 8, 1, 1.5952e+02
1, 6000, 1, 48, 0, 1, 4, 8, 16.0, 1, 2, 1, 4, 1, 2, 1, 2, 1, 2, 1, 1, 1, 64, 0, 0, 1, 8, 4, 8, 1, 1.5556e+02
1, 6000, 1, 48, 0, 1, 8, 4, 16.0, 1, 2, 1, 4, 1, 2, 1, 2, 1, 2, 1, 1, 1, 64, 0, 0, 1, 8, 4, 8, 1, 1.1180e+02
1, 6000, 1, 96, 0, 1, 1, 32, 16.0, 1, 2, 1, 4, 1, 2, 1, 2, 1, 2, 1, 1, 1, 64, 0, 0, 1, 8, 4, 8, 1, 1.5220e+02
1, 6000, 1, 64, 0, 1, 4, 8, 16.0, 1, 2, 1, 4, 1, 2, 1, 2, 1, 2, 1, 1, 1, 64, 0, 0, 1, 8, 4, 8, 1, 1.5126e+02
1, 6000, 1, 64, 0, 1, 8, 4, 16.0, 1, 2, 1, 4, 1, 2, 1, 2, 1, 2, 1, 1, 1, 64, 0, 0, 1, 8, 4, 8, 1, 9.9224e+01
1, 6000, 1, 96, 0, 1, 4, 8, 16.0, 1, 2, 1, 4, 1, 2, 1, 2, 1, 2, 1, 1, 1, 64, 0, 0, 1, 8, 4, 8, 1, 1.6243e+02
1, 6000, 1, 96, 0, 1, 8, 4, 16.0, 1, 2, 1, 4, 1, 2, 1, 2, 1, 2, 1, 1, 1, 64, 0, 0, 1, 8, 4, 8, 1, 1.0168e+02
1, 11000, 1, 32, 0, 1, 1, 32, 16.0, 1, 2, 1, 4, 1, 2, 1, 2, 1, 2, 1, 1, 1, 64, 0, 0, 1, 8, 4, 8, 1, 1.8662e+02
1, 11000, 1, 48, 0, 1, 1, 32, 16.0, 1, 2, 1, 4, 1, 2, 1, 2, 1, 2, 1, 1, 1, 64, 0, 0, 1, 8, 4, 8, 1, 1.9999e+02
1, 11000, 1, 32, 0, 1, 8, 4, 16.0, 1, 2, 1, 4, 1, 2, 1, 2, 1, 2, 1, 1, 1, 64, 0, 0, 1, 8, 4, 8, 1, 1.9841e+02
1, 11000, 1, 32, 0, 1, 4, 8, 16.0, 1, 2, 1, 4, 1, 2, 1, 2, 1, 2, 1, 1, 1, 64, 0, 0, 1, 8, 4, 8, 1, 1.8945e+02
1, 11000, 1, 64, 0, 1, 1, 32, 16.0, 1, 2, 1, 4, 1, 2, 1, 2, 1, 2, 1, 1, 1, 64, 0, 0, 1, 8, 4, 8, 1, 2.0523e+02
1, 11000, 1, 48, 0, 1, 4, 8, 16.0, 1, 2, 1, 4, 1, 2, 1, 2, 1, 2, 1, 1, 1, 64, 0, 0, 1, 8, 4, 8, 1, 2.0488e+02
1, 11000, 1, 48, 0, 1, 8, 4, 16.0, 1, 2, 1, 4, 1, 2, 1, 2, 1, 2, 1, 1, 1, 64, 0, 0, 1, 8, 4, 8, 1, 1.9749e+02
1, 11000, 1, 64, 0, 1, 4, 8, 16.0, 1, 2, 1, 4, 1, 2, 1, 2, 1, 2, 1, 1, 1, 64, 0, 0, 1, 8, 4, 8, 1, 2.3433e+02
1, 11000, 1, 64, 0, 1, 8, 4, 16.0, 1, 2, 1, 4, 1, 2, 1, 2, 1, 2, 1, 1, 1, 64, 0, 0, 1, 8, 4, 8, 1, 2.1417e+02
1, 11000, 1, 96, 0, 1, 1, 32, 16.0, 1, 2, 1, 4, 1, 2, 1, 2, 1, 2, 1, 1, 1, 64, 0, 0, 1, 8, 4, 8, 1, 1.9840e+02
1, 11000, 1, 96, 0, 1, 4, 8, 16.0, 1, 2, 1, 4, 1, 2, 1, 2, 1, 2, 1, 1, 1, 64, 0, 0, 1, 8, 4, 8, 1, 2.1749e+02
1, 11000, 1, 96, 0, 1, 8, 4, 16.0, 1, 2, 1, 4, 1, 2, 1, 2, 1, 2, 1, 1, 1, 64, 0, 0, 1, 8, 4, 8, 1, 2.1106e+02
1, 14616, 1, 32, 0, 1, 1, 32, 16.0, 1, 2, 1, 4, 1, 2, 1, 2, 1, 2, 1, 1, 1, 64, 0, 0, 1, 8, 4, 8, 1, 1.9643e+02
1, 14616, 1, 32, 0, 1, 4, 8, 16.0, 1, 2, 1, 4, 1, 2, 1, 2, 1, 2, 1, 1, 1, 64, 0, 0, 1, 8, 4, 8, 1, 2.1891e+02
1, 14616, 1, 48, 0, 1, 1, 32, 16.0, 1, 2, 1, 4, 1, 2, 1, 2, 1, 2, 1, 1, 1, 64, 0, 0, 1, 8, 4, 8, 1, 2.1610e+02
1, 14616, 1, 32, 0, 1, 8, 4, 16.0, 1, 2, 1, 4, 1, 2, 1, 2, 1, 2, 1, 1, 1, 64, 0, 0, 1, 8, 4, 8, 1, 1.8489e+02
1, 14616, 1, 64, 0, 1, 1, 32, 16.0, 1, 2, 1, 4, 1, 2, 1, 2, 1, 2, 1, 1, 1, 64, 0, 0, 1, 8, 4, 8, 1, 2.2620e+02
1, 14616, 1, 48, 0, 1, 4, 8, 16.0, 1, 2, 1, 4, 1, 2, 1, 2, 1, 2, 1, 1, 1, 64, 0, 0, 1, 8, 4, 8, 1, 2.1791e+02
1, 14616, 1, 48, 0, 1, 8, 4, 16.0, 1, 2, 1, 4, 1, 2, 1, 2, 1, 2, 1, 1, 1, 64, 0, 0, 1, 8, 4, 8, 1, 2.0627e+02
1, 14616, 1, 64, 0, 1, 4, 8, 16.0, 1, 2, 1, 4, 1, 2, 1, 2, 1, 2, 1, 1, 1, 64, 0, 0, 1, 8, 4, 8, 1, 2.4885e+02
1, 14616, 1, 96, 0, 1, 1, 32, 16.0, 1, 2, 1, 4, 1, 2, 1, 2, 1, 2, 1, 1, 1, 64, 0, 0, 1, 8, 4, 8, 1, 2.2745e+02
1, 14616, 1, 64, 0, 1, 8, 4, 16.0, 1, 2, 1, 4, 1, 2, 1, 2, 1, 2, 1, 1, 1, 64, 0, 0, 1, 8, 4, 8, 1, 2.2772e+02
1, 3000, 1, 32, 0, 1, 1, 4, 16.0, 1, 2, 1, 4, 1, 2, 1, 2, 1, 2, 1, 1, 1, 64, 0, 0, 1, 8, 4, 1, 4, 3.0628e+01
1, 14616, 1, 96, 0, 1, 4, 8, 16.0, 1, 2, 1, 4, 1, 2, 1, 2, 1, 2, 1, 1, 1, 64, 0, 0, 1, 8, 4, 8, 1, 2.4984e+02
1, 14616, 1, 96, 0, 1, 8, 4, 16.0, 1, 2, 1, 4, 1, 2, 1, 2, 1, 2, 1, 1, 1, 64, 0, 0, 1, 8, 4, 8, 1, 2.2950e+02
1, 3000, 1, 48, 0, 1, 1, 4, 16.0, 1, 2, 1, 4, 1, 2, 1, 2, 1, 2, 1, 1, 1, 64, 0, 0, 1, 8, 4, 1, 4, 3.1274e+01
1, 3000, 1, 48, 0, 1, 4, 1, 16.0, 1, 2, 1, 4, 1, 2, 1, 2, 1, 2, 1, 1, 1, 64, 0, 0, 1, 8, 4, 1, 4, 2.5542e+01
1, 3000, 1, 32, 0, 1, 4, 1, 16.0, 1, 2, 1, 4, 1, 2, 1, 2, 1, 2, 1, 1, 1, 64, 0, 0, 1, 8, 4, 1, 4, 2.5692e+01
1, 3000, 1, 64, 0, 1, 1, 4, 16.0, 1, 2, 1, 4, 1, 2, 1, 2, 1, 2, 1, 1, 1, 64, 0, 0, 1, 8, 4, 1, 4, 3.1386e+01
1, 3000, 1, 96, 0, 1, 1, 4, 16.0, 1, 2, 1, 4, 1, 2, 1, 2, 1, 2, 1, 1, 1, 64, 0, 0, 1, 8, 4, 1, 4, 3.0125e+01
1, 3000, 1, 64, 0, 1, 4, 1, 16.0, 1, 2, 1, 4, 1, 2, 1, 2, 1, 2, 1, 1, 1, 64, 0, 0, 1, 8, 4, 1, 4, 2.6819e+01
1, 3000, 1, 96, 0, 1, 4, 1, 16.0, 1, 2, 1, 4, 1, 2, 1, 2, 1, 2, 1, 1, 1, 64, 0, 0, 1, 8, 4, 1, 4, 2.6870e+01
1, 6000, 1, 32, 0, 1, 1, 4, 16.0, 1, 2, 1, 4, 1, 2, 1, 2, 1, 2, 1, 1, 1, 64, 0, 0, 1, 8, 4, 1, 4, 3.5475e+01
1, 6000, 1, 32, 0, 1, 4, 1, 16.0, 1, 2, 1, 4, 1, 2, 1, 2, 1, 2, 1, 1, 1, 64, 0, 0, 1, 8, 4, 1, 4, 3.2628e+01
1, 6000, 1, 64, 0, 1, 1, 4, 16.0, 1, 2, 1, 4, 1, 2, 1, 2, 1, 2, 1, 1, 1, 64, 0, 0, 1, 8, 4, 1, 4, 3.6478e+01
1, 6000, 1, 48, 0, 1, 1, 4, 16.0, 1, 2, 1, 4, 1, 2, 1, 2, 1, 2, 1, 1, 1, 64, 0, 0, 1, 8, 4, 1, 4, 3.6512e+01
1, 6000, 1, 48, 0, 1, 4, 1, 16.0, 1, 2, 1, 4, 1, 2, 1, 2, 1, 2, 1, 1, 1, 64, 0, 0, 1, 8, 4, 1, 4, 3.3762e+01
1, 6000, 1, 96, 0, 1, 1, 4, 16.0, 1, 2, 1, 4, 1, 2, 1, 2, 1, 2, 1, 1, 1, 64, 0, 0, 1, 8, 4, 1, 4, 3.6413e+01
1, 6000, 1, 96, 0, 1, 4, 1, 16.0, 1, 2, 1, 4, 1, 2, 1, 2, 1, 2, 1, 1, 1, 64, 0, 0, 1, 8, 4, 1, 4, 3.5058e+01
1, 6000, 1, 64, 0, 1, 4, 1, 16.0, 1, 2, 1, 4, 1, 2, 1, 2, 1, 2, 1, 1, 1, 64, 0, 0, 1, 8, 4, 1, 4, 3.5207e+01
1, 11000, 1, 48, 0, 1, 1, 4, 16.0, 1, 2, 1, 4, 1, 2, 1, 2, 1, 2, 1, 1, 1, 64, 0, 0, 1, 8, 4, 1, 4, 3.8558e+01
1, 11000, 1, 32, 0, 1, 1, 4, 16.0, 1, 2, 1, 4, 1, 2, 1, 2, 1, 2, 1, 1, 1, 64, 0, 0, 1, 8, 4, 1, 4, 3.6793e+01
1, 11000, 1, 32, 0, 1, 4, 1, 16.0, 1, 2, 1, 4, 1, 2, 1, 2, 1, 2, 1, 1, 1, 64, 0, 0, 1, 8, 4, 1, 4, 3.5941e+01
1, 11000, 1, 64, 0, 1, 1, 4, 16.0, 1, 2, 1, 4, 1, 2, 1, 2, 1, 2, 1, 1, 1, 64, 0, 0, 1, 8, 4, 1, 4, 3.9643e+01
1, 11000, 1, 64, 0, 1, 4, 1, 16.0, 1, 2, 1, 4, 1, 2, 1, 2, 1, 2, 1, 1, 1, 64, 0, 0, 1, 8, 4, 1, 4, 3.8616e+01
1, 11000, 1, 48, 0, 1, 4, 1, 16.0, 1, 2, 1, 4, 1, 2, 1, 2, 1, 2, 1, 1, 1, 64, 0, 0, 1, 8, 4, 1, 4, 3.7739e+01
1, 11000, 1, 96, 0, 1, 1, 4, 16.0, 1, 2, 1, 4, 1, 2, 1, 2, 1, 2, 1, 1, 1, 64, 0, 0, 1, 8, 4, 1, 4, 3.9728e+01
1, 11000, 1, 96, 0, 1, 4, 1, 16.0, 1, 2, 1, 4, 1, 2, 1, 2, 1, 2, 1, 1, 1, 64, 0, 0, 1, 8, 4, 1, 4, 3.9304e+01
1, 14616, 1, 32, 0, 1, 1, 4, 16.0, 1, 2, 1, 4, 1, 2, 1, 2, 1, 2, 1, 1, 1, 64, 0, 0, 1, 8, 4, 1, 4, 3.7033e+01
1, 14616, 1, 48, 0, 1, 1, 4, 16.0, 1, 2, 1, 4, 1, 2, 1, 2, 1, 2, 1, 1, 1, 64, 0, 0, 1, 8, 4, 1, 4, 3.8997e+01
1, 14616, 1, 32, 0, 1, 4, 1, 16.0, 1, 2, 1, 4, 1, 2, 1, 2, 1, 2, 1, 1, 1, 64, 0, 0, 1, 8, 4, 1, 4, 3.6656e+01
1, 14616, 1, 64, 0, 1, 1, 4, 16.0, 1, 2, 1, 4, 1, 2, 1, 2, 1, 2, 1, 1, 1, 64, 0, 0, 1, 8, 4, 1, 4, 4.0329e+01
1, 14616, 1, 48, 0, 1, 4, 1, 16.0, 1, 2, 1, 4, 1, 2, 1, 2, 1, 2, 1, 1, 1, 64, 0, 0, 1, 8, 4, 1, 4, 3.8382e+01
1, 14616, 1, 64, 0, 1, 4, 1, 16.0, 1, 2, 1, 4, 1, 2, 1, 2, 1, 2, 1, 1, 1, 64, 0, 0, 1, 8, 4, 1, 4, 3.9618e+01
1, 3000, 1, 48, 0, 1, 1, 8, 16.0, 1, 2, 1, 4, 1, 2, 1, 2, 1, 2, 1, 1, 1, 64, 0, 0, 1, 8, 1, 8, 1, 5.1118e+01
1, 3000, 1, 48, 0, 1, 8, 1, 16.0, 1, 2, 1, 4, 1, 2, 1, 2, 1, 2, 1, 1, 1, 64, 0, 0, 1, 8, 1, 8, 1, 4.3646e+01
1, 3000, 1, 64, 0, 1, 8, 1, 16.0, 1, 2, 1, 4, 1, 2, 1, 2, 1, 2, 1, 1, 1, 64, 0, 0, 1, 8, 1, 8, 1, 4.4233e+01
1, 14616, 1, 96, 0, 1, 4, 1, 16.0, 1, 2, 1, 4, 1, 2, 1, 2, 1, 2, 1, 1, 1, 64, 0, 0, 1, 8, 4, 1, 4, 4.0624e+01
1, 14616, 1, 96, 0, 1, 1, 4, 16.0, 1, 2, 1, 4, 1, 2, 1, 2, 1, 2, 1, 1, 1, 64, 0, 0, 1, 8, 4, 1, 4, 4.0620e+01
1, 3000, 1, 96, 0, 1, 1, 8, 16.0, 1, 2, 1, 4, 1, 2, 1, 2, 1, 2, 1, 1, 1, 64, 0, 0, 1, 8, 1, 8, 1, 5.0667e+01
1, 3000, 1, 96, 0, 1, 8, 1, 16.0, 1, 2, 1, 4, 1, 2, 1, 2, 1, 2, 1, 1, 1, 64, 0, 0, 1, 8, 1, 8, 1, 4.2176e+01
1, 6000, 1, 64, 0, 1, 1, 8, 16.0, 1, 2, 1, 4, 1, 2, 1, 2, 1, 2, 1, 1, 1, 64, 0, 0, 1, 8, 1, 8, 1, 6.0148e+01
1, 6000, 1, 48, 0, 1, 1, 8, 16.0, 1, 2, 1, 4, 1, 2, 1, 2, 1, 2, 1, 1, 1, 64, 0, 0, 1, 8, 1, 8, 1, 6.0018e+01
1, 6000, 1, 64, 0, 1, 8, 1, 16.0, 1, 2, 1, 4, 1, 2, 1, 2, 1, 2, 1, 1, 1, 64, 0, 0, 1, 8, 1, 8, 1, 5.7479e+01
1, 6000, 1, 96, 0, 1, 1, 8, 16.0, 1, 2, 1, 4, 1, 2, 1, 2, 1, 2, 1, 1, 1, 64, 0, 0, 1, 8, 1, 8, 1, 6.0237e+01
1, 6000, 1, 48, 0, 1, 8, 1, 16.0, 1, 2, 1, 4, 1, 2, 1, 2, 1, 2, 1, 1, 1, 64, 0, 0, 1, 8, 1, 8, 1, 5.7627e+01
1, 6000, 1, 96, 0, 1, 8, 1, 16.0, 1, 2, 1, 4, 1, 2, 1, 2, 1, 2, 1, 1, 1, 64, 0, 0, 1, 8, 1, 8, 1, 5.6680e+01
1, 6000, 1, 32, 0, 1, 1, 8, 16.0, 1, 2, 1, 4, 1, 2, 1, 2, 1, 2, 1, 1, 1, 64, 0, 0, 1, 8, 1, 8, 1, 5.8737e+01
1, 6000, 1, 32, 0, 1, 8, 1, 16.0, 1, 2, 1, 4, 1, 2, 1, 2, 1, 2, 1, 1, 1, 64, 0, 0, 1, 8, 1, 8, 1, 5.6152e+01
1, 11000, 1, 32, 0, 1, 8, 1, 16.0, 1, 2, 1, 4, 1, 2, 1, 2, 1, 2, 1, 1, 1, 64, 0, 0, 1, 8, 1, 8, 1, 6.3883e+01
1, 11000, 1, 32, 0, 1, 1, 8, 16.0, 1, 2, 1, 4, 1, 2, 1, 2, 1, 2, 1, 1, 1, 64, 0, 0, 1, 8, 1, 8, 1, 6.3684e+01
1, 11000, 1, 64, 0, 1, 8, 1, 16.0, 1, 2, 1, 4, 1, 2, 1, 2, 1, 2, 1, 1, 1, 64, 0, 0, 1, 8, 1, 8, 1, 6.7393e+01
1, 11000, 1, 64, 0, 1, 1, 8, 16.0, 1, 2, 1, 4, 1, 2, 1, 2, 1, 2, 1, 1, 1, 64, 0, 0, 1, 8, 1, 8, 1, 6.8315e+01
1, 11000, 1, 96, 0, 1, 1, 8, 16.0, 1, 2, 1, 4, 1, 2, 1, 2, 1, 2, 1, 1, 1, 64, 0, 0, 1, 8, 1, 8, 1, 6.8389e+01
1, 11000, 1, 48, 0, 1, 1, 8, 16.0, 1, 2, 1, 4, 1, 2, 1, 2, 1, 2, 1, 1, 1, 64, 0, 0, 1, 8, 1, 8, 1, 6.6178e+01
1, 11000, 1, 96, 0, 1, 8, 1, 16.0, 1, 2, 1, 4, 1, 2, 1, 2, 1, 2, 1, 1, 1, 64, 0, 0, 1, 8, 1, 8, 1, 6.6260e+01
1, 11000, 1, 48, 0, 1, 8, 1, 16.0, 1, 2, 1, 4, 1, 2, 1, 2, 1, 2, 1, 1, 1, 64, 0, 0, 1, 8, 1, 8, 1, 6.5093e+01
1, 14616, 1, 64, 0, 1, 1, 8, 16.0, 1, 2, 1, 4, 1, 2, 1, 2, 1, 2, 1, 1, 1, 64, 0, 0, 1, 8, 1, 8, 1, 6.9743e+01
1, 14616, 1, 64, 0, 1, 8, 1, 16.0, 1, 2, 1, 4, 1, 2, 1, 2, 1, 2, 1, 1, 1, 64, 0, 0, 1, 8, 1, 8, 1, 6.9643e+01
1, 14616, 1, 48, 0, 1, 1, 8, 16.0, 1, 2, 1, 4, 1, 2, 1, 2, 1, 2, 1, 1, 1, 64, 0, 0, 1, 8, 1, 8, 1, 6.8011e+01
1, 14616, 1, 48, 0, 1, 8, 1, 16.0, 1, 2, 1, 4, 1, 2, 1, 2, 1, 2, 1, 1, 1, 64, 0, 0, 1, 8, 1, 8, 1, 6.8166e+01
1, 14616, 1, 32, 0, 1, 1, 8, 16.0, 1, 2, 1, 4, 1, 2, 1, 2, 1, 2, 1, 1, 1, 64, 0, 0, 1, 8, 1, 8, 1, 6.6006e+01
1, 14616, 1, 32, 0, 1, 8, 1, 16.0, 1, 2, 1, 4, 1, 2, 1, 2, 1, 2, 1, 1, 1, 64, 0, 0, 1, 8, 1, 8, 1, 6.4495e+01
1, 14616, 1, 96, 0, 1, 1, 8, 16.0, 1, 2, 1, 4, 1, 2, 1, 2, 1, 2, 1, 1, 1, 64, 0, 0, 1, 8, 1, 8, 1, 6.9502e+01
1, 14616, 1, 96, 0, 1, 8, 1, 16.0, 1, 2, 1, 4, 1, 2, 1, 2, 1, 2, 1, 1, 1, 64, 0, 0, 1, 8, 1, 8, 1, 6.6292e+01
1, 3000, 1, 32, 0, 1, 4, 32, 16.0, 1, 2, 1, 4, 1, 2, 1, 2, 1, 2, 1, 1, 1, 64, 0, 0, 1, 8, 16, 8, 1, 9.7012e+01
1, 3000, 1, 32, 0, 1, 8, 16, 16.0, 1, 2, 1, 4, 1, 2, 1, 2, 1, 2, 1, 1, 1, 64, 0, 0, 1, 8, 16, 8, 1, 3.4126e+01
1, 3000, 1, 48, 0, 1, 4, 32, 16.0, 1, 2, 1, 4, 1, 2, 1, 2, 1, 2, 1, 1, 1, 64, 0, 0, 1, 8, 16, 8, 1, 8.3511e+01
1, 3000, 1, 48, 0, 1, 8, 16, 16.0, 1, 2, 1, 4, 1, 2, 1, 2, 1, 2, 1, 1, 1, 64, 0, 0, 1, 8, 16, 8, 1, 4.6299e+01
1, 3000, 1, 64, 0, 1, 4, 32, 16.0, 1, 2, 1, 4, 1, 2, 1, 2, 1, 2, 1, 1, 1, 64, 0, 0, 1, 8, 16, 8, 1, 8.2712e+01
1, 3000, 1, 64, 0, 1, 8, 16, 16.0, 1, 2, 1, 4, 1, 2, 1, 2, 1, 2, 1, 1, 1, 64, 0, 0, 1, 8, 16, 8, 1, 3.7854e+01
1, 3000, 1, 96, 0, 1, 4, 32, 16.0, 1, 2, 1, 4, 1, 2, 1, 2, 1, 2, 1, 1, 1, 64, 0, 0, 1, 8, 16, 8, 1, 7.8154e+01
1, 3000, 1, 96, 0, 1, 8, 16, 16.0, 1, 2, 1, 4, 1, 2, 1, 2, 1, 2, 1, 1, 1, 64, 0, 0, 1, 8, 16, 8, 1, 4.0452e+01
1, 6000, 1, 32, 0, 1, 4, 32, 16.0, 1, 2, 1, 4, 1, 2, 1, 2, 1, 2, 1, 1, 1, 64, 0, 0, 1, 8, 16, 8, 1, 3.3389e+02
1, 6000, 1, 32, 0, 1, 8, 16, 16.0, 1, 2, 1, 4, 1, 2, 1, 2, 1, 2, 1, 1, 1, 64, 0, 0, 1, 8, 16, 8, 1, 1.6861e+02
1, 6000, 1, 48, 0, 1, 4, 32, 16.0, 1, 2, 1, 4, 1, 2, 1, 2, 1, 2, 1, 1, 1, 64, 0, 0, 1, 8, 16, 8, 1, 2.6078e+02
1, 6000, 1, 48, 0, 1, 8, 16, 16.0, 1, 2, 1, 4, 1, 2, 1, 2, 1, 2, 1, 1, 1, 64, 0, 0, 1, 8, 16, 8, 1, 2.0842e+02
1, 6000, 1, 64, 0, 1, 4, 32, 16.0, 1, 2, 1, 4, 1, 2, 1, 2, 1, 2, 1, 1, 1, 64, 0, 0, 1, 8, 16, 8, 1, 2.5291e+02
1, 6000, 1, 64, 0, 1, 8, 16, 16.0, 1, 2, 1, 4, 1, 2, 1, 2, 1, 2, 1, 1, 1, 64, 0, 0, 1, 8, 16, 8, 1, 1.8419e+02
1, 6000, 1, 96, 0, 1, 4, 32, 16.0, 1, 2, 1, 4, 1, 2, 1, 2, 1, 2, 1, 1, 1, 64, 0, 0, 1, 8, 16, 8, 1, 2.6283e+02
1, 6000, 1, 96, 0, 1, 8, 16, 16.0, 1, 2, 1, 4, 1, 2, 1, 2, 1, 2, 1, 1, 1, 64, 0, 0, 1, 8, 16, 8, 1, 1.7502e+02
1, 11000, 1, 32, 0, 1, 4, 32, 16.0, 1, 2, 1, 4, 1, 2, 1, 2, 1, 2, 1, 1, 1, 64, 0, 0, 1, 8, 16, 8, 1, 5.0142e+02
1, 11000, 1, 32, 0, 1, 8, 16, 16.0, 1, 2, 1, 4, 1, 2, 1, 2, 1, 2, 1, 1, 1, 64, 0, 0, 1, 8, 16, 8, 1, 4.5123e+02
1, 11000, 1, 48, 0, 1, 4, 32, 16.0, 1, 2, 1, 4, 1, 2, 1, 2, 1, 2, 1, 1, 1, 64, 0, 0, 1, 8, 16, 8, 1, 5.3932e+02
1, 11000, 1, 48, 0, 1, 8, 16, 16.0, 1, 2, 1, 4, 1, 2, 1, 2, 1, 2, 1, 1, 1, 64, 0, 0, 1, 8, 16, 8, 1, 4.4582e+02
1, 11000, 1, 64, 0, 1, 4, 32, 16.0, 1, 2, 1, 4, 1, 2, 1, 2, 1, 2, 1, 1, 1, 64, 0, 0, 1, 8, 16, 8, 1, 5.4438e+02
1, 11000, 1, 64, 0, 1, 8, 16, 16.0, 1, 2, 1, 4, 1, 2, 1, 2, 1, 2, 1, 1, 1, 64, 0, 0, 1, 8, 16, 8, 1, 5.1467e+02
1, 11000, 1, 96, 0, 1, 4, 32, 16.0, 1, 2, 1, 4, 1, 2, 1, 2, 1, 2, 1, 1, 1, 64, 0, 0, 1, 8, 16, 8, 1, 5.6382e+02
1, 11000, 1, 96, 0, 1, 8, 16, 16.0, 1, 2, 1, 4, 1, 2, 1, 2, 1, 2, 1, 1, 1, 64, 0, 0, 1, 8, 16, 8, 1, 4.8029e+02
1, 14616, 1, 32, 0, 1, 4, 32, 16.0, 1, 2, 1, 4, 1, 2, 1, 2, 1, 2, 1, 1, 1, 64, 0, 0, 1, 8, 16, 8, 1, 5.5259e+02
1, 14616, 1, 32, 0, 1, 8, 16, 16.0, 1, 2, 1, 4, 1, 2, 1, 2, 1, 2, 1, 1, 1, 64, 0, 0, 1, 8, 16, 8, 1, 5.6028e+02
1, 14616, 1, 48, 0, 1, 4, 32, 16.0, 1, 2, 1, 4, 1, 2, 1, 2, 1, 2, 1, 1, 1, 64, 0, 0, 1, 8, 16, 8, 1, 6.6332e+02
1, 14616, 1, 48, 0, 1, 8, 16, 16.0, 1, 2, 1, 4, 1, 2, 1, 2, 1, 2, 1, 1, 1, 64, 0, 0, 1, 8, 16, 8, 1, 6.2977e+02
1, 3000, 1, 32, 0, 1, 1, 32, 16.0, 1, 2, 1, 4, 1, 2, 1, 2, 1, 2, 1, 1, 1, 64, 0, 0, 1, 8, 32, 1, 4, 4.8829e+01
1, 3000, 1, 32, 0, 1, 4, 8, 16.0, 1, 2, 1, 4, 1, 2, 1, 2, 1, 2, 1, 1, 1, 64, 0, 0, 1, 8, 32, 1, 4, 7.5766e+01
1, 3000, 1, 32, 0, 1, 8, 4, 16.0, 1, 2, 1, 4, 1, 2, 1, 2, 1, 2, 1, 1, 1, 64, 0, 0, 1, 8, 32, 1, 4, 2.7669e+01
1, 3000, 1, 48, 0, 1, 1, 32, 16.0, 1, 2, 1, 4, 1, 2, 1, 2, 1, 2, 1, 1, 1, 64, 0, 0, 1, 8, 32, 1, 4, 4.8470e+01
1, 3000, 1, 48, 0, 1, 4, 8, 16.0, 1, 2, 1, 4, 1, 2, 1, 2, 1, 2, 1, 1, 1, 64, 0, 0, 1, 8, 32, 1, 4, 7.1069e+01
1, 3000, 1, 48, 0, 1, 8, 4, 16.0, 1, 2, 1, 4, 1, 2, 1, 2, 1, 2, 1, 1, 1, 64, 0, 0, 1, 8, 32, 1, 4, 3.4387e+01
1, 3000, 1, 64, 0, 1, 1, 32, 16.0, 1, 2, 1, 4, 1, 2, 1, 2, 1, 2, 1, 1, 1, 64, 0, 0, 1, 8, 32, 1, 4, 4.9436e+01
1, 3000, 1, 64, 0, 1, 4, 8, 16.0, 1, 2, 1, 4, 1, 2, 1, 2, 1, 2, 1, 1, 1, 64, 0, 0, 1, 8, 32, 1, 4, 7.3532e+01
1, 3000, 1, 64, 0, 1, 8, 4, 16.0, 1, 2, 1, 4, 1, 2, 1, 2, 1, 2, 1, 1, 1, 64, 0, 0, 1, 8, 32, 1, 4, 3.2207e+01
1, 3000, 1, 96, 0, 1, 1, 32, 16.0, 1, 2, 1, 4, 1, 2, 1, 2, 1, 2, 1, 1, 1, 64, 0, 0, 1, 8, 32, 1, 4, 4.7460e+01
1, 3000, 1, 96, 0, 1, 4, 8, 16.0, 1, 2, 1, 4, 1, 2, 1, 2, 1, 2, 1, 1, 1, 64, 0, 0, 1, 8, 32, 1, 4, 7.3302e+01
1, 3000, 1, 96, 0, 1, 8, 4, 16.0, 1, 2, 1, 4, 1, 2, 1, 2, 1, 2, 1, 1, 1, 64, 0, 0, 1, 8, 32, 1, 4, 3.2952e+01
1, 6000, 1, 32, 0, 1, 1, 32, 16.0, 1, 2, 1, 4, 1, 2, 1, 2, 1, 2, 1, 1, 1, 64, 0, 0, 1, 8, 32, 1, 4, 1.4144e+02
1, 6000, 1, 32, 0, 1, 4, 8, 16.0, 1, 2, 1, 4, 1, 2, 1, 2, 1, 2, 1, 1, 1, 64, 0, 0, 1, 8, 32, 1, 4, 1.6660e+02
1, 6000, 1, 32, 0, 1, 8, 4, 16.0, 1, 2, 1, 4, 1, 2, 1, 2, 1, 2, 1, 1, 1, 64, 0, 0, 1, 8, 32, 1, 4, 1.0638e+02
1, 6000, 1, 48, 0, 1, 1, 32, 16.0, 1, 2, 1, 4, 1, 2, 1, 2, 1, 2, 1, 1, 1, 64, 0, 0, 1, 8, 32, 1, 4, 1.4226e+02
1, 6000, 1, 48, 0, 1, 4, 8, 16.0, 1, 2, 1, 4, 1, 2, 1, 2, 1, 2, 1, 1, 1, 64, 0, 0, 1, 8, 32, 1, 4, 1.7876e+02
1, 6000, 1, 48, 0, 1, 8, 4, 16.0, 1, 2, 1, 4, 1, 2, 1, 2, 1, 2, 1, 1, 1, 64, 0, 0, 1, 8, 32, 1, 4, 1.2128e+02
1, 6000, 1, 64, 0, 1, 1, 32, 16.0, 1, 2, 1, 4, 1, 2, 1, 2, 1, 2, 1, 1, 1, 64, 0, 0, 1, 8, 32, 1, 4, 1.4094e+02
1, 6000, 1, 64, 0, 1, 4, 8, 16.0, 1, 2, 1, 4, 1, 2, 1, 2, 1, 2, 1, 1, 1, 64, 0, 0, 1, 8, 32, 1, 4, 1.6872e+02
1, 6000, 1, 64, 0, 1, 8, 4, 16.0, 1, 2, 1, 4, 1, 2, 1, 2, 1, 2, 1, 1, 1, 64, 0, 0, 1, 8, 32, 1, 4, 1.2290e+02
1, 6000, 1, 96, 0, 1, 1, 32, 16.0, 1, 2, 1, 4, 1, 2, 1, 2, 1, 2, 1, 1, 1, 64, 0, 0, 1, 8, 32, 1, 4, 1.2693e+02
1, 6000, 1, 96, 0, 1, 4, 8, 16.0, 1, 2, 1, 4, 1, 2, 1, 2, 1, 2, 1, 1, 1, 64, 0, 0, 1, 8, 32, 1, 4, 1.7896e+02
1, 6000, 1, 96, 0, 1, 8, 4, 16.0, 1, 2, 1, 4, 1, 2, 1, 2, 1, 2, 1, 1, 1, 64, 0, 0, 1, 8, 32, 1, 4, 1.1646e+02
1, 11000, 1, 32, 0, 1, 1, 32, 16.0, 1, 2, 1, 4, 1, 2, 1, 2, 1, 2, 1, 1, 1, 64, 0, 0, 1, 8, 32, 1, 4, 2.0807e+02
1, 11000, 1, 32, 0, 1, 4, 8, 16.0, 1, 2, 1, 4, 1, 2, 1, 2, 1, 2, 1, 1, 1, 64, 0, 0, 1, 8, 32, 1, 4, 2.3799e+02
1, 11000, 1, 32, 0, 1, 8, 4, 16.0, 1, 2, 1, 4, 1, 2, 1, 2, 1, 2, 1, 1, 1, 64, 0, 0, 1, 8, 32, 1, 4, 1.9954e+02
1, 11000, 1, 48, 0, 1, 1, 32, 16.0, 1, 2, 1, 4, 1, 2, 1, 2, 1, 2, 1, 1, 1, 64, 0, 0, 1, 8, 32, 1, 4, 2.1673e+02
1, 11000, 1, 48, 0, 1, 4, 8, 16.0, 1, 2, 1, 4, 1, 2, 1, 2, 1, 2, 1, 1, 1, 64, 0, 0, 1, 8, 32, 1, 4, 2.4680e+02
1, 11000, 1, 48, 0, 1, 8, 4, 16.0, 1, 2, 1, 4, 1, 2, 1, 2, 1, 2, 1, 1, 1, 64, 0, 0, 1, 8, 32, 1, 4, 2.1324e+02
1, 11000, 1, 64, 0, 1, 1, 32, 16.0, 1, 2, 1, 4, 1, 2, 1, 2, 1, 2, 1, 1, 1, 64, 0, 0, 1, 8, 32, 1, 4, 2.1476e+02
1, 11000, 1, 64, 0, 1, 4, 8, 16.0, 1, 2, 1, 4, 1, 2, 1, 2, 1, 2, 1, 1, 1, 64, 0, 0, 1, 8, 32, 1, 4, 2.5234e+02
1, 11000, 1, 64, 0, 1, 8, 4, 16.0, 1, 2, 1, 4, 1, 2, 1, 2, 1, 2, 1, 1, 1, 64, 0, 0, 1, 8, 32, 1, 4, 2.1928e+02
1, 11000, 1, 96, 0, 1, 1, 32, 16.0, 1, 2, 1, 4, 1, 2, 1, 2, 1, 2, 1, 1, 1, 64, 0, 0, 1, 8, 32, 1, 4, 2.1208e+02
1, 11000, 1, 96, 0, 1, 4, 8, 16.0, 1, 2, 1, 4, 1, 2, 1, 2, 1, 2, 1, 1, 1, 64, 0, 0, 1, 8, 32, 1, 4, 2.4855e+02
1, 11000, 1, 96, 0, 1, 8, 4, 16.0, 1, 2, 1, 4, 1, 2, 1, 2, 1, 2, 1, 1, 1, 64, 0, 0, 1, 8, 32, 1, 4, 2.2324e+02
1, 14616, 1, 32, 0, 1, 1, 32, 16.0, 1, 2, 1, 4, 1, 2, 1, 2, 1, 2, 1, 1, 1, 64, 0, 0, 1, 8, 32, 1, 4, 2.2613e+02
1, 14616, 1, 32, 0, 1, 4, 8, 16.0, 1, 2, 1, 4, 1, 2, 1, 2, 1, 2, 1, 1, 1, 64, 0, 0, 1, 8, 32, 1, 4, 2.5589e+02
1, 14616, 1, 32, 0, 1, 8, 4, 16.0, 1, 2, 1, 4, 1, 2, 1, 2, 1, 2, 1, 1, 1, 64, 0, 0, 1, 8, 32, 1, 4, 2.3014e+02
1, 14616, 1, 48, 0, 1, 1, 32, 16.0, 1, 2, 1, 4, 1, 2, 1, 2, 1, 2, 1, 1, 1, 64, 0, 0, 1, 8, 32, 1, 4, 2.3816e+02
1, 14616, 1, 48, 0, 1, 4, 8, 16.0, 1, 2, 1, 4, 1, 2, 1, 2, 1, 2, 1, 1, 1, 64, 0, 0, 1, 8, 32, 1, 4, 2.6847e+02
1, 14616, 1, 48, 0, 1, 8, 4, 16.0, 1, 2, 1, 4, 1, 2, 1, 2, 1, 2, 1, 1, 1, 64, 0, 0, 1, 8, 32, 1, 4, 2.4367e+02
1, 14616, 1, 64, 0, 1, 1, 32, 16.0, 1, 2, 1, 4, 1, 2, 1, 2, 1, 2, 1, 1, 1, 64, 0, 0, 1, 8, 32, 1, 4, 2.3899e+02
1, 14616, 1, 64, 0, 1, 4, 8, 16.0, 1, 2, 1, 4, 1, 2, 1, 2, 1, 2, 1, 1, 1, 64, 0, 0, 1, 8, 32, 1, 4, 2.7282e+02
1, 14616, 1, 64, 0, 1, 8, 4, 16.0, 1, 2, 1, 4, 1, 2, 1, 2, 1, 2, 1, 1, 1, 64, 0, 0, 1, 8, 32, 1, 4, 2.5461e+02
1, 14616, 1, 96, 0, 1, 1, 32, 16.0, 1, 2, 1, 4, 1, 2, 1, 2, 1, 2, 1, 1, 1, 64, 0, 0, 1, 8, 32, 1, 4, 2.4207e+02
1, 14616, 1, 96, 0, 1, 4, 8, 16.0, 1, 2, 1, 4, 1, 2, 1, 2, 1, 2, 1, 1, 1, 64, 0, 0, 1, 8, 32, 1, 4, 2.6789e+02
1, 14616, 1, 96, 0, 1, 8, 4, 16.0, 1, 2, 1, 4, 1, 2, 1, 2, 1, 2, 1, 1, 1, 64, 0, 0, 1, 8, 32, 1, 4, 2.5400e+02
1, 3000, 1, 32, 0, 1, 8, 32, 16.0, 1, 2, 1, 4, 1, 2, 1, 2, 1, 2, 1, 1, 1, 64, 0, 0, 1, 8, 32, 8, 1, 4.0900e+01
1, 3000, 1, 48, 0, 1, 8, 32, 16.0, 1, 2, 1, 4, 1, 2, 1, 2, 1, 2, 1, 1, 1, 64, 0, 0, 1, 8, 32, 8, 1, 4.4626e+01
1, 3000, 1, 64, 0, 1, 8, 32, 16.0, 1, 2, 1, 4, 1, 2, 1, 2, 1, 2, 1, 1, 1, 64, 0, 0, 1, 8, 32, 8, 1, 4.1976e+01
1, 3000, 1, 96, 0, 1, 8, 32, 16.0, 1, 2, 1, 4, 1, 2, 1, 2, 1, 2, 1, 1, 1, 64, 0, 0, 1, 8, 32, 8, 1, 3.4030e+01
1, 6000, 1, 32, 0, 1, 8, 32, 16.0, 1, 2, 1, 4, 1, 2, 1, 2, 1, 2, 1, 1, 1, 64, 0, 0, 1, 8, 32, 8, 1, 2.0035e+02
1, 6000, 1, 48, 0, 1, 8, 32, 16.0, 1, 2, 1, 4, 1, 2, 1, 2, 1, 2, 1, 1, 1, 64, 0, 0, 1, 8, 32, 8, 1, 2.5117e+02
1, 6000, 1, 64, 0, 1, 8, 32, 16.0, 1, 2, 1, 4, 1, 2, 1, 2, 1, 2, 1, 1, 1, 64, 0, 0, 1, 8, 32, 8, 1, 2.2740e+02
1, 6000, 1, 96, 0, 1, 8, 32, 16.0, 1, 2, 1, 4, 1, 2, 1, 2, 1, 2, 1, 1, 1, 64, 0, 0, 1, 8, 32, 8, 1, 1.9499e+02
1, 11000, 1, 32, 0, 1, 8, 32, 16.0, 1, 2, 1, 4, 1, 2, 1, 2, 1, 2, 1, 1, 1, 64, 0, 0, 1, 8, 32, 8, 1, 6.6277e+02
1, 11000, 1, 48, 0, 1, 8, 32, 16.0, 1, 2, 1, 4, 1, 2, 1, 2, 1, 2, 1, 1, 1, 64, 0, 0, 1, 8, 32, 8, 1, 6.4348e+02
1, 11000, 1, 64, 0, 1, 8, 32, 16.0, 1, 2, 1, 4, 1, 2, 1, 2, 1, 2, 1, 1, 1, 64, 0, 0, 1, 8, 32, 8, 1, 6.8528e+02
1, 11000, 1, 96, 0, 1, 8, 32, 16.0, 1, 2, 1, 4, 1, 2, 1, 2, 1, 2, 1, 1, 1, 64, 0, 0, 1, 8, 32, 8, 1, 6.4035e+02
1, 14616, 1, 32, 0, 1, 8, 32, 16.0, 1, 2, 1, 4, 1, 2, 1, 2, 1, 2, 1, 1, 1, 64, 0, 0, 1, 8, 32, 8, 1, 9.0363e+02
1, 14616, 1, 48, 0, 1, 8, 32, 16.0, 1, 2, 1, 4, 1, 2, 1, 2, 1, 2, 1, 1, 1, 64, 0, 0, 1, 8, 32, 8, 1, 9.0560e+02
1, 14616, 1, 64, 0, 1, 8, 32, 16.0, 1, 2, 1, 4, 1, 2, 1, 2, 1, 2, 1, 1, 1, 64, 0, 0, 1, 8, 32, 8, 1, 9.4383e+02
1, 14616, 1, 96, 0, 1, 8, 32, 16.0, 1, 2, 1, 4, 1, 2, 1, 2, 1, 2, 1, 1, 1, 64, 0, 0, 1, 8, 32, 8, 1, 9.5166e+02
1, 14616, 1, 64, 0, 1, 8, 16, 16.0, 1, 2, 1, 4, 1, 2, 1, 2, 1, 2, 1, 1, 1, 64, 0, 0, 1, 8, 16, 8, 1, 6.4314e+02
1, 14616, 1, 64, 0, 1, 4, 32, 16.0, 1, 2, 1, 4, 1, 2, 1, 2, 1, 2, 1, 1, 1, 64, 0, 0, 1, 8, 16, 8, 1, 6.9257e+02
1, 14616, 1, 96, 0, 1, 4, 32, 16.0, 1, 2, 1, 4, 1, 2, 1, 2, 1, 2, 1, 1, 1, 64, 0, 0, 1, 8, 16, 8, 1, 7.0757e+02
1, 3000, 1, 32, 0, 1, 1, 16, 16.0, 1, 2, 1, 4, 1, 2, 1, 2, 1, 2, 1, 1, 1, 64, 0, 0, 1, 8, 16, 1, 4, 6.1761e+01
1, 14616, 1, 96, 0, 1, 8, 16, 16.0, 1, 2, 1, 4, 1, 2, 1, 2, 1, 2, 1, 1, 1, 64, 0, 0, 1, 8, 16, 8, 1, 6.5299e+02
1, 3000, 1, 32, 0, 1, 4, 4, 16.0, 1, 2, 1, 4, 1, 2, 1, 2, 1, 2, 1, 1, 1, 64, 0, 0, 1, 8, 16, 1, 4, 5.6267e+01
1, 3000, 1, 48, 0, 1, 1, 16, 16.0, 1, 2, 1, 4, 1, 2, 1, 2, 1, 2, 1, 1, 1, 64, 0, 0, 1, 8, 16, 1, 4, 6.3033e+01
1, 3000, 1, 48, 0, 1, 4, 4, 16.0, 1, 2, 1, 4, 1, 2, 1, 2, 1, 2, 1, 1, 1, 64, 0, 0, 1, 8, 16, 1, 4, 5.6095e+01
1, 3000, 1, 64, 0, 1, 1, 16, 16.0, 1, 2, 1, 4, 1, 2, 1, 2, 1, 2, 1, 1, 1, 64, 0, 0, 1, 8, 16, 1, 4, 5.9176e+01
1, 3000, 1, 64, 0, 1, 4, 4, 16.0, 1, 2, 1, 4, 1, 2, 1, 2, 1, 2, 1, 1, 1, 64, 0, 0, 1, 8, 16, 1, 4, 6.0789e+01
1, 3000, 1, 96, 0, 1, 1, 16, 16.0, 1, 2, 1, 4, 1, 2, 1, 2, 1, 2, 1, 1, 1, 64, 0, 0, 1, 8, 16, 1, 4, 5.1965e+01
1, 3000, 1, 96, 0, 1, 4, 4, 16.0, 1, 2, 1, 4, 1, 2, 1, 2, 1, 2, 1, 1, 1, 64, 0, 0, 1, 8, 16, 1, 4, 6.1041e+01
1, 6000, 1, 32, 0, 1, 1, 16, 16.0, 1, 2, 1, 4, 1, 2, 1, 2, 1, 2, 1, 1, 1, 64, 0, 0, 1, 8, 16, 1, 4, 1.0293e+02
1, 6000, 1, 32, 0, 1, 4, 4, 16.0, 1, 2, 1, 4, 1, 2, 1, 2, 1, 2, 1, 1, 1, 64, 0, 0, 1, 8, 16, 1, 4, 1.0323e+02
1, 6000, 1, 48, 0, 1, 1, 16, 16.0, 1, 2, 1, 4, 1, 2, 1, 2, 1, 2, 1, 1, 1, 64, 0, 0, 1, 8, 16, 1, 4, 1.0810e+02
1, 6000, 1, 48, 0, 1, 4, 4, 16.0, 1, 2, 1, 4, 1, 2, 1, 2, 1, 2, 1, 1, 1, 64, 0, 0, 1, 8, 16, 1, 4, 1.0859e+02
1, 6000, 1, 64, 0, 1, 1, 16, 16.0, 1, 2, 1, 4, 1, 2, 1, 2, 1, 2, 1, 1, 1, 64, 0, 0, 1, 8, 16, 1, 4, 1.0796e+02
1, 6000, 1, 64, 0, 1, 4, 4, 16.0, 1, 2, 1, 4, 1, 2, 1, 2, 1, 2, 1, 1, 1, 64, 0, 0, 1, 8, 16, 1, 4, 1.0837e+02
1, 6000, 1, 96, 0, 1, 1, 16, 16.0, 1, 2, 1, 4, 1, 2, 1, 2, 1, 2, 1, 1, 1, 64, 0, 0, 1, 8, 16, 1, 4, 1.0621e+02
1, 6000, 1, 96, 0, 1, 4, 4, 16.0, 1, 2, 1, 4, 1, 2, 1, 2, 1, 2, 1, 1, 1, 64, 0, 0, 1, 8, 16, 1, 4, 1.1028e+02
1, 11000, 1, 32, 0, 1, 1, 16, 16.0, 1, 2, 1, 4, 1, 2, 1, 2, 1, 2, 1, 1, 1, 64, 0, 0, 1, 8, 16, 1, 4, 1.2320e+02
1, 11000, 1, 32, 0, 1, 4, 4, 16.0, 1, 2, 1, 4, 1, 2, 1, 2, 1, 2, 1, 1, 1, 64, 0, 0, 1, 8, 16, 1, 4, 1.2964e+02
1, 11000, 1, 48, 0, 1, 1, 16, 16.0, 1, 2, 1, 4, 1, 2, 1, 2, 1, 2, 1, 1, 1, 64, 0, 0, 1, 8, 16, 1, 4, 1.2698e+02
1, 11000, 1, 48, 0, 1, 4, 4, 16.0, 1, 2, 1, 4, 1, 2, 1, 2, 1, 2, 1, 1, 1, 64, 0, 0, 1, 8, 16, 1, 4, 1.3634e+02
1, 11000, 1, 64, 0, 1, 1, 16, 16.0, 1, 2, 1, 4, 1, 2, 1, 2, 1, 2, 1, 1, 1, 64, 0, 0, 1, 8, 16, 1, 4, 1.2850e+02
1, 11000, 1, 64, 0, 1, 4, 4, 16.0, 1, 2, 1, 4, 1, 2, 1, 2, 1, 2, 1, 1, 1, 64, 0, 0, 1, 8, 16, 1, 4, 1.3809e+02
1, 11000, 1, 96, 0, 1, 1, 16, 16.0, 1, 2, 1, 4, 1, 2, 1, 2, 1, 2, 1, 1, 1, 64, 0, 0, 1, 8, 16, 1, 4, 1.2995e+02
1, 11000, 1, 96, 0, 1, 4, 4, 16.0, 1, 2, 1, 4, 1, 2, 1, 2, 1, 2, 1, 1, 1, 64, 0, 0, 1, 8, 16, 1, 4, 1.3786e+02
1, 14616, 1, 32, 0, 1, 4, 4, 16.0, 1, 2, 1, 4, 1, 2, 1, 2, 1, 2, 1, 1, 1, 64, 0, 0, 1, 8, 16, 1, 4, 1.3555e+02
1, 14616, 1, 32, 0, 1, 1, 16, 16.0, 1, 2, 1, 4, 1, 2, 1, 2, 1, 2, 1, 1, 1, 64, 0, 0, 1, 8, 16, 1, 4, 1.2957e+02
1, 14616, 1, 48, 0, 1, 4, 4, 16.0, 1, 2, 1, 4, 1, 2, 1, 2, 1, 2, 1, 1, 1, 64, 0, 0, 1, 8, 16, 1, 4, 1.4284e+02
1, 14616, 1, 48, 0, 1, 1, 16, 16.0, 1, 2, 1, 4, 1, 2, 1, 2, 1, 2, 1, 1, 1, 64, 0, 0, 1, 8, 16, 1, 4, 1.3413e+02
1, 14616, 1, 64, 0, 1, 4, 4, 16.0, 1, 2, 1, 4, 1, 2, 1, 2, 1, 2, 1, 1, 1, 64, 0, 0, 1, 8, 16, 1, 4, 1.4673e+02
1, 14616, 1, 64, 0, 1, 1, 16, 16.0, 1, 2, 1, 4, 1, 2, 1, 2, 1, 2, 1, 1, 1, 64, 0, 0, 1, 8, 16, 1, 4, 1.3425e+02
1, 14616, 1, 96, 0, 1, 4, 4, 16.0, 1, 2, 1, 4, 1, 2, 1, 2, 1, 2, 1, 1, 1, 64, 0, 0, 1, 8, 16, 1, 4, 1.4509e+02
1, 14616, 1, 96, 0, 1, 1, 16, 16.0, 1, 2, 1, 4, 1, 2, 1, 2, 1, 2, 1, 1, 1, 64, 0, 0, 1, 8, 16, 1, 4, 1.3566e+02
